intid,main_street,cross_street,longitude,latitude,description
76747569996,OLD HENRY,I 265 RAMP,-85.4993371456453,38.2706320923916,OLD HENRY @ I 265 RAMP
78959406728,SHELBYVILLE,BECKLEY WOODS,-85.4984789574179,38.2415894728279,SHELBYVILLE @ BECKLEY WOODS
123759407630,SHELBYVILLE,LAKE FOREST,-85.4935498603372,38.2405172324361,SHELBYVILLE @ LAKE FOREST
143907249996,BROWNSBORO,I 265 RAMP,-85.5702122827241,38.3110020720272,BROWNSBORO @ I 265 RAMP
184229013860,HERR,LIME KILN,-85.6279652674758,38.2839160242102,HERR @ LIME KILN
187067127686,U S HIGHWAY 42,HOLIDAY MANOR,-85.632499478084,38.2838889828842,U S HIGHWAY 42 @ HOLIDAY MANOR
235327744625,LYNDON,NEW LA GRANGE,-85.6038126973631,38.2586739353754,LYNDON @ NEW LA GRANGE
262606465940,BRAMTON,SHELBYVILLE,-85.6300103645926,38.2508229915511,BRAMTON @ SHELBYVILLE
263000555940,STONEHENGE,SHELBYVILLE,-85.6281977328899,38.2506927303934,STONEHENGE @ SHELBYVILLE
264621205940,FAIRMEADE,SHELBYVILLE,-85.6362346896495,38.2513489029286,FAIRMEADE @ SHELBYVILLE
312405959397,BON AIR,PEE WEE REESE,-85.6684598740601,38.2228824001095,BON AIR @ PEE WEE REESE
313107233967,BROWNS,LOWE,-85.6187078465652,38.2229192941313,BROWNS @ LOWE
318763947434,TAYLORSVILLE,YORKSHIRE,-85.6279772783086,38.2199841167013,TAYLORSVILLE @ YORKSHIRE
319207232930,BROWNS,HIKES,-85.6257853534856,38.2198410700859,BROWNS @ HIKES
338103842479,BARDSTOWN,GARDINER,-85.672352830643,38.2126110023436,BARDSTOWN @ GARDINER
428707248262,BROWNSBORO,BARBOUR,-85.6021268254048,38.2954261781982,BROWNSBORO @ BARBOUR
448089749125,ORMSBY STATION,HURSTBOURNE,-85.5745836336179,38.2629596737917,ORMSBY STATION @ HURSTBOURNE
459007243105,BROWNSBORO,NORTHFIELD,-85.6347289958909,38.281357006173,BROWNSBORO @ NORTHFIELD
487305747624,BLUEGRASS,BLANKENBAKER,-85.5388990604605,38.2169272396906,BLUEGRASS @ BLANKENBAKER
591905636394,BLOWING TREE,TAYLORSVILLE,-85.5974552560227,38.2181939846279,BLOWING TREE @ TAYLORSVILLE
515176249997,BLANKENBAKER,I 64 RAMP,-85.5396137968783,38.2252064732745,BLANKENBAKER @ I 64 RAMP
518306561093,BRECKENRIDGE,CHENOWETH,-85.6553934067078,38.2529051290944,BRECKENRIDGE @ CHENOWETH
573360058946,SIX MILE,STONY BROOK,-85.5926897069294,38.1985097078514,SIX MILE @ STONY BROOK
575160059126,SIX MILE,HURSTBOURNE,-85.603079975087,38.1985766287947,SIX MILE @ HURSTBOURNE
622916302765,DEEBET,HILLBROOK,-85.6340909945321,38.2242058420151,DEEBET @ HILLBROOK
658524454096,TIMBERWOOD,LINN STATION,-85.5754815884516,38.2286444424675,TIMBERWOOD @ LINN STATION
670491260875,HURSTBOURNE,BLAIRWOOD,-85.5776806133692,38.2269582112614,HURSTBOURNE @ BLAIRWOOD
6711D2639126,BLAIRWOOD ACCESS,HURSTBOURNE,-85.5781061553905,38.2253307277049,BLAIRWOOD ACCESS @ HURSTBOURNE
705491239124,SPRINGHURST,SPRINGBROOKE,-85.5760352213046,38.3038480288341,SPRINGHURST @ SPRINGBROOKE
72110724D626,BROWNSBORO,SUMMIT PLAZA,-85.5753866887699,38.3069568751965,BROWNSBORO @ SUMMIT PLAZA
77720364D473,BALLARDSVILLE,NEW CHAMBERLAIN,-85.5614042823562,38.3155608849372,BALLARDSVILLE @ NEW CHAMBERLAIN
778802760404,ADELE,BASHFORD MANOR,-85.6675781118941,38.2013493133522,ADELE @ BASHFORD MANOR
780004044270,BASHFORD MANOR,MAYO,-85.6702936778536,38.1999547388388,BASHFORD MANOR @ MAYO
34,FERN VALLEY,SHEPHERDSVILLE,-85.6597992278277,38.1562320099155,FERN VALLEY @ SHEPHERDSVILLE
863401887588,BILLTOWN,MICHAELE,-85.5711200603714,38.182862316433,BILLTOWN @ MICHAELE
1051401882506,BILLTOWN,GELLHAUS,-85.5493802222876,38.1505166001256,BILLTOWN @ GELLHAUS
1141203849126,BARDSTOWN,HURSTBOURNE,-85.6051131617135,38.1689650832479,BARDSTOWN @ HURSTBOURNE
115450384D372,BARDSTOWN,BROOKRIDGE VILLAGE,-85.5849691245223,38.1452010351556,BARDSTOWN @ BROOKRIDGE VILLAGE
1157403841459,BARDSTOWN,CEDARLOOK,-85.5858674320906,38.1470594895695,BARDSTOWN @ CEDARLOOK
1169648495935,OLD TAYLORSVILLE,SHELBY,-85.5634571224705,38.1955623197198,OLD TAYLORSVILLE @ SHELBY
12154F2719998,UNIVERSITY,I 65 RAMP,-85.7529046036859,38.2143941378131,UNIVERSITY @ I 65 RAMP
1216875538199,ZORN,RIVER,-85.6992171859861,38.2773437750726,ZORN @ RIVER
1267418834214,18TH,MARKET,-85.7799503199803,38.2578034140667,18TH @ MARKET
1269742146007,MARKET,16TH,-85.7766340692924,38.2574336471018,MARKET @ 16TH
1273200166183,ADAMS,STORY,-85.7249427082433,38.2573199285237,ADAMS @ STORY
1277965847012,26TH,MUHAMMAD ALI,-85.7942644941208,38.2552059385663,26TH @ MUHAMMAD ALI
1318106581885,BRECKINRIDGE,8TH,-85.7657056357764,38.2428136772813,BRECKINRIDGE @ 8TH
1319506585899,BRECKINRIDGE,7TH,-85.7640537517823,38.2426490390335,BRECKINRIDGE @ 7TH
1331035325872,KENTUCKY,2ND,-85.7563255268881,38.2385738040112,KENTUCKY @ 2ND
1332616986456,DUMESNIL,32ND,-85.8071834109446,38.2373681935814,DUMESNIL @ 32ND
1333716124719,DIXIE,OAK,-85.7867792757615,38.2374134825534,DIXIE @ OAK
1335416986570,DUMESNIL,28TH,-85.8005338851046,38.2367760887052,DUMESNIL @ 28TH
1336922044719,15TH,OAK,-85.7783665997293,38.2366507187665,15TH @ OAK
1339222545785,FLOYD,ST CATHERINE,-85.7512679079657,38.2364761672482,FLOYD @ ST CATHERINE
1352039214718,LOGAN,OAK,-85.7399645017136,38.2332137323448,LOGAN @ OAK
1353748035872,ORMSBY,2ND,-85.7573872197556,38.2325578935826,ORMSBY @ 2ND
1365723054130,4TH,MAGNOLIA,-85.761357133168,38.2291565034938,4TH @ MAGNOLIA
1367216122934,DIXIE,HILL,-85.7904851422796,38.2283030908344,DIXIE @ HILL
1377622232933,1ST,HILL,-85.7569469729526,38.2254763748391,1ST @ HILL
1379703840617,BARDSTOWN,BOULEVARD NAPOLEON,-85.6964901374712,38.2257173691626,BARDSTOWN @ BOULEVARD NAPOLEON
1380523052499,4TH,GAULBERT,-85.7621413157004,38.2246997840974,4TH @ GAULBERT
1382445916082,NORRIS,SPEED,-85.7067929587732,38.225100414635,NORRIS @ SPEED
1385718352592,EASTERN,GOSS,-85.7301583402794,38.2239891343307,EASTERN @ GOSS
1396631615899,INDUSTRY,7TH,-85.7757424532828,38.221167128061,INDUSTRY @ 7TH
1398423053344,4TH,CARDINAL,-85.7628323889305,38.2207499410401,4TH @ CARDINAL
1401800615899,ALGONQUIN,7TH,-85.7774031425097,38.220086217813,ALGONQUIN @ 7TH
1413709254388,CAMP GROUND,MILLERS,-85.8179721092264,38.2154415187368,CAMP GROUND @ MILLERS
1424842928241,MCKINLEY,AUDUBON PLAZA,-85.7230693922333,38.2140126765415,MCKINLEY @ AUDUBON PLAZA
1434023054437,4TH,MONTANA,-85.7644323546392,38.2116419202207,4TH @ MONTANA
1440423057237,4TH,WINKLER,-85.7646653601857,38.2103376203237,4TH @ WINKLER
1473210411342,CENTRAL,CRITTENDEN,-85.7507179094324,38.2029359152605,CENTRAL @ CRITTENDEN
31800325940,AIKEN,SHELBYVILLE,-85.5184542082173,38.2435080588319,AIKEN @ SHELBYVILLE
49459409983,SHELBYVILLE,BECKLEY STATION,-85.488321480259,38.2389019348276,SHELBYVILLE @ BECKLEY STATION
92637077132,LA GRANGE,WESTPORT,-85.5061093647524,38.2970244992681,LA GRANGE @ WESTPORT
127507249995,BROWNSBORO,I 264 RAMP,-85.6356817045868,38.2804341087629,BROWNSBORO @ I 264 RAMP
128323499995,FURMAN,I 264 RAMP,-85.6462567062653,38.2211065259763,FURMAN @ I 264 RAMP
252604157657,BAUER,MASONIC HOME,-85.6621749288088,38.2534504367295,BAUER @ MASONIC HOME
256359407199,SHELBYVILLE,WILLIS,-85.6525612557404,38.2526675455118,SHELBYVILLE @ WILLIS
257604153838,BAUER,LEXINGTON,-85.6608984174179,38.2516989453523,BAUER @ LEXINGTON
181871327354,WESTPORT RD,WESTPORT CIR,-85.5749935487793,38.2865844025158,WESTPORT RD @ WESTPORT CIR
203305490724,BLANKENBAKER,BROWNSBORO,-85.6454639699993,38.2742194952183,BLANKENBAKER @ BROWNSBORO
221407241300,BROWNSBORO,COUNTRY,-85.6699335137392,38.2647603889657,BROWNSBORO @ COUNTRY
230130077132,HUBBARDS,WESTPORT,-85.6413792007958,38.2601394720214,HUBBARDS @ WESTPORT
274059409985,SHELBYVILLE,MADISON,-85.5401665546061,38.246580498205,SHELBYVILLE @ MADISON
319391269997,HURSTBOURNE,I 64 RAMP,-85.5815372083472,38.2202808493589,HURSTBOURNE @ I 64 RAMP
373503840404,BARDSTOWN,BASHFORD MANOR,-85.6644820934022,38.2029254605165,BARDSTOWN @ BASHFORD MANOR
391606566005,BRECKENRIDGE,SIX MILE,-85.6251048255161,38.1976097020095,BRECKENRIDGE @ SIX MILE
418910537132,CHAMBERLAIN,WESTPORT,-85.541709180243,38.2993227177694,CHAMBERLAIN @ WESTPORT
445646257158,NEW LA GRANGE,WHIPPS MILL,-85.578874013549,38.2676441713653,NEW LA GRANGE @ WHIPPS MILL
459107245655,BROWNSBORO,RUDY,-85.6380516441212,38.2784701730473,BROWNSBORO @ RUDY
466607234084,BROWNS,KRESGE,-85.6353062270067,38.2414721443236,BROWNS @ KRESGE
579809362323,CANNONS,FRANKFORT,-85.6704742877952,38.2540671016074,CANNONS @ FRANKFORT
589625035940,HERITAGE HILL,SHELBYVILLE,-85.5439793566857,38.2450422794784,HERITAGE HILL @ SHELBYVILLE
514667129996,U S HIGHWAY 42,I 265 RAMP,-85.6220018587607,38.3232027513065,U S HIGHWAY 42 @ I 265 RAMP
531617171747,DUTCHMANS,DUPONT,-85.6353094945818,38.2335414181915,DUTCHMANS @ DUPONT
543707249125,BROWNSBORO,HURSTBOURNE,-85.5775607983635,38.3051551015271,BROWNSBORO @ HURSTBOURNE
573689469126,STONY BROOK,HURSTBOURNE,-85.5975903507776,38.2109084384474,STONY BROOK @ HURSTBOURNE
648159407624,SHELBYVILLE,BLANKENBAKER,-85.5471144496277,38.2440992535695,SHELBYVILLE @ BLANKENBAKER
649173539126,WHITTINGTON,HURSTBOURNE,-85.576953164481,38.242116497672,WHITTINGTON @ HURSTBOURNE
649867059126,WILLIAMSBURG,HURSTBOURNE,-85.5769852525228,38.2397510589372,WILLIAMSBURG @ HURSTBOURNE
663759409125,SHELBYVILLE,HURSTBOURNE,-85.5769048856042,38.246431215218,SHELBYVILLE @ HURSTBOURNE
669340969126,LINN STATION,HURSTBOURNE,-85.5774509449161,38.2287928505811,LINN STATION @ HURSTBOURNE
692016609125,DORSEY,HURSTBOURNE,-85.5642801128302,38.265544362217,DORSEY @ HURSTBOURNE
719824139533,TOWNE CENTER,INDIAN LAKE,-85.5533179112242,38.2962426297371,TOWNE CENTER @ INDIAN LAKE
756067128657,U S HIGHWAY 42,SEMINARY,-85.6284356808548,38.2929322503502,U S HIGHWAY 42 @ SEMINARY
777807241053,BROWNSBORO,CHAMBERLAIN,-85.567446894709,38.3127254031212,BROWNSBORO @ CHAMBERLAIN
822105189996,BEULAH CHURCH,I 265 RAMP,-85.6147805287867,38.1236768720697,BEULAH CHURCH @ I 265 RAMP
108,BARDSTOWN,WATTERSON,-85.6225760793623,38.1788351932372,BARDSTOWN @ WATTERSON
825121905123,FERN VALLEY,POPLAR LEVEL,-85.6458243846218,38.1577635187891,FERN VALLEY @ POPLAR LEVEL
110,BARDSTOWN,BUECHEL,-85.6399785097228,38.1883167876027,BARDSTOWN @ BUECHEL
914321812184,FERN CREEK,FERNDALE,-85.5920591435763,38.155173730739,FERN CREEK @ FERNDALE
954248156840,OUTER,VAUGHN MILL,-85.62840628387,38.1373165120613,OUTER @ VAUGHN MILL
961703840667,BARDSTOWN,BRENTLINGER,-85.5796103625348,38.1341524000791,BARDSTOWN @ BRENTLINGER
1043603842181,BARDSTOWN,FERN CREEK,-85.5909333471413,38.1575516835064,BARDSTOWN @ FERN CREEK
1043703842184,BARDSTOWN,FERNDALE,-85.5899339293576,38.1554771152786,BARDSTOWN @ FERNDALE
1079841656026,MANSLICK,SMYRNA,-85.6431533886633,38.1228502845441,MANSLICK @ SMYRNA
108745144D539,PRESTON,OLD PRESTON,-85.6701973056086,38.096356656382,PRESTON @ OLD PRESTON
1105803848648,BARDSTOWN,GLENMARY FARM,-85.5746178034511,38.1254175306188,BARDSTOWN @ GLENMARY FARM
1154803849996,BARDSTOWN,I 265 RAMP,-85.5841924066051,38.1435940986198,BARDSTOWN @ I 265 RAMP
1186089229126,HURSTBOURNE CROSSINGS,HURSTBOURNE,-85.6052927369977,38.1879302521578,HURSTBOURNE CROSSINGS @ HURSTBOURNE
1210334244487,ANTLE,MUD,-85.6700526493778,38.0883192404545,ANTLE @ MUD
1217575539999,ZORN,I 71 RAMP,-85.696857459751,38.2743609758259,ZORN @ I 71 RAMP
1258341396580,MAIN,22ND,-85.7863197057421,38.2599308213393,MAIN @ 22ND
1259141396573,MAIN,21ST,-85.7846622284963,38.2597488628698,MAIN @ 21ST
1263960066007,W MAIN ST,N 16TH ST,-85.7763945094316,38.2588166629242,W MAIN ST @ N 16TH ST
1270622044214,15TH,MARKET,-85.7749778666356,38.257246386112,15TH @ MARKET
1282918837012,18TH,MUHAMMAD ALI,-85.7806669324642,38.2536916139682,18TH @ MUHAMMAD ALI
1284811146584,CHESTNUT,26TH,-85.7945024701584,38.253007566871,CHESTNUT @ 26TH
1288411144567,CHESTNUT,19TH,-85.7827127223574,38.2516925361716,CHESTNUT @ 19TH
1291141286580,MAGAZINE,22ND,-85.7879048717895,38.2509412920301,MAGAZINE @ 22ND
1303707026442,BROADWAY,13TH,-85.7732540271655,38.247794208213,BROADWAY @ 13TH
1314516122482,DIXIE,GARLAND,-85.7842426676737,38.2436620918545,DIXIE @ GARLAND
1323326516574,GREENWOOD,DR W J HODGE,-85.7879508544451,38.2410658645422,GREENWOOD @ DR W J HODGE
1324635326566,KENTUCKY,12TH,-85.7727958399553,38.2408695133511,KENTUCKY @ 12TH
1329623053532,4TH,KENTUCKY,-85.7596393301724,38.2389354133575,4TH @ KENTUCKY
1330235326438,KENTUCKY,3RD,-85.757981148841,38.2387561817504,KENTUCKY @ 3RD
1336816986580,DUMESNIL,22ND,-85.7903646993794,38.2365184656001,DUMESNIL @ 22ND
1337716121698,DIXIE,DUMESNIL,-85.7871997166637,38.236384058865,DIXIE @ DUMESNIL
1338947196566,OAK,12TH,-85.7736157500363,38.2362345952724,OAK @ 12TH
1339851435785,PRESTON,ST CATHERINE,-85.7491046227612,38.2362193675237,PRESTON @ ST CATHERINE
1340035313921,KENTUCKY,LOGAN,-85.7394413448167,38.2362471846873,KENTUCKY @ LOGAN
1343823054719,4TH,OAK,-85.7603287982882,38.2350211462358,4TH @ OAK
1345047195872,OAK,2ND,-85.7570064624163,38.2347221488077,OAK @ 2ND
1347947185143,OAK,PRESTON,-85.7494757040665,38.2340595569917,OAK @ PRESTON
1350648036009,ORMSBY,6TH,-85.7640301874238,38.2331655762869,ORMSBY @ 6TH
1353048036438,ORMSBY,3RD,-85.7590503827048,38.2327116634903,ORMSBY @ 3RD
1364507077266,BROOK,WOODBINE,-85.7545552806631,38.2294738476458,BROOK @ WOODBINE
1376029346438,HILL,3RD,-85.7602617073706,38.2258278165809,HILL @ 3RD
1380610041835,CASTLEVALE,EASTERN,-85.7263005801132,38.2253637889879,CASTLEVALE @ EASTERN
1390106171665,BOULEVARD NAPOLEON,DOUGLASS,-85.6961238827975,38.223517787216,BOULEVARD NAPOLEON @ DOUGLASS
1418116124388,DIXIE,MILLERS,-85.7959927963789,38.2146876145851,DIXIE @ MILLERS
1444245635123,NIGHTINGALE,POPLAR LEVEL,-85.7170450933268,38.2101927391726,NIGHTINGALE @ POPLAR LEVEL
1479416122147,DIXIE,FARNSLEY,-85.8022501892702,38.2007887682918,DIXIE @ FARNSLEY
1481843365123,MERCER,POPLAR LEVEL,-85.7096390601335,38.2014042767493,MERCER @ POPLAR LEVEL
1495505055136,BERRY,POWELL,-85.7907829770621,38.1965453588228,BERRY @ POWELL
1502513583311,CRUMS,JANELL,-85.8137132983717,38.1944866025782,CRUMS @ JANELL
28011E9395940,WHITTINGTON,SHELBYVILLE,-85.5811482677354,38.246743980344,WHITTINGTON @ SHELBYVILLE
28210E9852482,LOUIS COLEMAN JR,GARLAND,-85.8088050788773,38.245840663045,LOUIS COLEMAN JR @ GARLAND
28218E9857012,LOUIS COLEMAN JR,MUHAMMAD ALI,-85.8076930361264,38.2567082396965,LOUIS COLEMAN JR @ MUHAMMAD ALI
28222E9854214,LOUIS COLEMAN JR,MARKET,-85.806876239683,38.2609310719971,LOUIS COLEMAN JR @ MARKET
28607E0487355,MARTIN HOUSE,WATTERSON,-85.5425208228744,38.2307614779871,MARTIN HOUSE @ WATTERSON
2895999586394,TAYLORSVILLE LAKE,TAYLORSVILLE,-85.476642612597,38.1908225869825,TAYLORSVILLE LAKE @ TAYLORSVILLE
28110531224,CHAMBERLAIN,COLLINS,-85.5158835105639,38.2898711401733,CHAMBERLAIN @ COLLINS
32359406711,SHELBYVILLE,URTON,-85.5096184783951,38.2425667823395,SHELBYVILLE @ URTON
76447569996,OLD HENRY,I 265 RAMP,-85.5062498273154,38.268013378229,OLD HENRY @ I 265 RAMP
139713056712,COVERED BRIDGE,U S HIGHWAY 42,-85.6120159352079,38.3545831585532,COVERED BRIDGE @ U S HIGHWAY 42
144105747355,BLUEGRASS,WATTERSON,-85.5537638651956,38.2212561760905,BLUEGRASS @ WATTERSON
1457F4227624,OLD BLANKENBAKER,BLANKENBAKER,-85.5404220928277,38.2265888776422,OLD BLANKENBAKER @ BLANKENBAKER
181771329125,WESTPORT,HURSTBOURNE,-85.5723217178215,38.2876095798876,WESTPORT @ HURSTBOURNE
259306567199,BRECKENRIDGE,WILLIS,-85.6542302829194,38.2514476897759,BRECKENRIDGE @ WILLIS
268106562607,BRECKENRIDGE,GRANDVIEW,-85.6519727121805,38.248678023155,BRECKENRIDGE @ GRANDVIEW
315105745094,BLUEGRASS,PLANTSIDE,-85.5770737936694,38.22239328524,BLUEGRASS @ PLANTSIDE
322039676394,LOWE,TAYLORSVILLE,-85.6068427312726,38.2189820954427,LOWE @ TAYLORSVILLE
372436657624,ELECTRON,BLANKENBAKER,-85.5379520502449,38.2048413782146,ELECTRON @ BLANKENBAKER
382524234154,SUMMERFIELD,MANNER DALE,-85.6152108103098,38.2007122383117,SUMMERFIELD @ MANNER DALE
445201983707,ASHMOOR,LA GRANGE,-85.5778741505951,38.2700423212163,ASHMOOR @ LA GRANGE
446870178974,CORPORATE CAMPUS,ORMSBY STATION,-85.5755914212587,38.2650973826974,CORPORATE CAMPUS @ ORMSBY STATION
499349886394,PATTI,TAYLORSVILLE,-85.5797899436685,38.2053409670842,PATTI @ TAYLORSVILLE
503812204764,COLLEGE,OLD SIX MILE,-85.5707101527995,38.198674255862,COLLEGE @ OLD SIX MILE
528207249995,BROWNSBORO,I 264 RAMP,-85.6368512637897,38.279419717663,BROWNSBORO @ I 264 RAMP
594217895940,CHRISTIAN,SHELBYVILLE,-85.6066742934079,38.2488326543411,CHRISTIAN @ SHELBYVILLE
617417176394,DUTCHMANS,TAYLORSVILLE,-85.658317663148,38.222173648373,DUTCHMANS @ TAYLORSVILLE
67215940E256,SHELBYVILLE,DORSEY,-85.5646705658407,38.2454813634358,SHELBYVILLE @ DORSEY
698571329996,WESTPORT,I 265 RAMP,-85.5470291650166,38.2979229347141,WESTPORT @ I 265 RAMP
724823409123,FREYS HILL,SPRINGHURST,-85.5592224073407,38.2937536496279,FREYS HILL @ SPRINGHURST
781906564084,BRECKENRIDGE,KRESGE,-85.6428262645826,38.2374889174241,BRECKENRIDGE @ KRESGE
798163949996,TAYLORSVILLE,I 265 RAMP,-85.5077828320741,38.1891075006213,TAYLORSVILLE @ I 265 RAMP
927443775945,MILE OF SUNSHINE,SHEPHERDSVILLE,-85.6598293685741,38.1504310065315,MILE OF SUNSHINE @ SHEPHERDSVILLE
1060703843011,BARDSTOWN,HUDSON,-85.5989479719233,38.1649074775022,BARDSTOWN @ HUDSON
1073103842114,BARDSTOWN,FAIRGROUND,-85.5959821271481,38.1629588920532,BARDSTOWN @ FAIRGROUND
1077276247847,BLANKENBAKER,BLANKENBAKER ACCESS,-85.5480394967717,38.1961684066657,BLANKENBAKER @ BLANKENBAKER ACCESS
1089073558881,WATTERSON,RUCKRIEGEL,-85.570602739448,38.190943254149,WATTERSON @ RUCKRIEGEL
1162501355945,APPLEGATE,SHEPHERDSVILLE,-85.6589458230137,38.1347408571083,APPLEGATE @ SHEPHERDSVILLE
1210503849413,BARDSTOWN,COLONEL HANCOCK,-85.5773951785203,38.1304431617796,BARDSTOWN @ COLONEL HANCOCK
1220355397553,RIVERWOOD,ZORN,-85.6939784159541,38.2707645646582,RIVERWOOD @ ZORN
1239817026583,DUNCAN,26TH,-85.7932593330034,38.2634056956947,DUNCAN @ 26TH
1261918824139,18TH,MAIN,-85.7796996062092,38.2591913896914,18TH @ MAIN
1264342146580,MARKET,22ND,-85.7865663607051,38.2585418534895,MARKET @ 22ND
1272807241184,BROWNSBORO,CLIFTON,-85.7046429231613,38.2588211760479,BROWNSBORO @ CLIFTON
1276222043327,15TH,JEFFERSON,-85.7752196669579,38.2558446342667,15TH @ JEFFERSON
1287311146574,CHESTNUT,DR W J HODGE,-85.7860148871275,38.2520657459928,CHESTNUT @ DR W J HODGE
1289611141883,CHESTNUT,18TH,-85.7810569507147,38.2514996892623,CHESTNUT @ 18TH
1297607026578,BROADWAY,29TH,-85.7999401015046,38.2496230358187,BROADWAY @ 29TH
1297938384996,LEXINGTON,PAYNE,-85.7206978960002,38.250596307309,LEXINGTON @ PAYNE
1298007026570,BROADWAY,28TH,-85.7982821634455,38.2495737892946,BROADWAY @ 28TH
1304941726580,MAPLE,22ND,-85.788559898163,38.2472140493591,MAPLE @ 22ND
1311958997433,7TH,YORK,-85.763685088452,38.244718237182,7TH @ YORK
1312724826580,GARLAND,22ND,-85.7891084150447,38.2440922390248,GARLAND @ 22ND
1313731264569,CAWTHON,9TH,-85.7672077895943,38.2442912912721,CAWTHON @ 9TH
1323206585872,BRECKINRIDGE,2ND,-85.7558081176835,38.2415402128222,BRECKINRIDGE @ 2ND
1324006570658,W BRECKINRIDGE ST,S 1ST ST,-85.7541459670913,38.2413606340491,W BRECKINRIDGE ST @ S 1ST ST
1331722233531,1ST,KENTUCKY,-85.7546670058394,38.2383981345529,1ST @ KENTUCKY
1332947196580,OAK,22ND,-85.7902727624413,38.2374580835039,OAK @ 22ND
1334723055786,4TH,ST CATHERINE,-85.759906353184,38.2374168180391,4TH @ ST CATHERINE
1335857866438,ST CATHERINE,3RD,-85.7582469261615,38.2372386366173,ST CATHERINE @ 3RD
1338307075785,BROOK,ST CATHERINE,-85.7532790769041,38.2367008991549,BROOK @ ST CATHERINE
1345622234718,1ST,OAK,-85.7553410430205,38.2345664902377,1ST @ OAK
1347657855851,ST CATHERINE,SCHILLER,-85.7318081589434,38.2343831185406,ST CATHERINE @ SCHILLER
1347739214234,LOGAN,MARY,-85.7397991073777,38.2342108870728,LOGAN @ MARY
1366341306438,MAGNOLIA,3RD,-85.7597079233367,38.2289794143631,MAGNOLIA @ 3RD
1372107755872,BURNETT,2ND,-85.7583702301701,38.2269527099403,BURNETT @ 2ND
1373607070774,BROOK,BURNETT,-85.7550627175097,38.2265949381107,BROOK @ BURNETT
1378307072933,BROOK,HILL,-85.7552891630371,38.2252996753205,BROOK @ HILL
1386723053797,4TH,LEE,-85.7623729733392,38.2233896762981,4TH @ LEE
1388337976438,LEE,3RD,-85.7607169353563,38.2232126914367,LEE @ 3RD
139130934D199,CANE RUN,COMMERCE CENTER,-85.811707049227,38.22187829383,CANE RUN @ COMMERCE CENTER
1403706482305,BRANDEIS,4TH,-85.7630575165239,38.2194824846561,BRANDEIS @ 4TH
142022254F271,FLOYD,UNIVERSITY,-85.7551054968592,38.21462089217,FLOYD @ UNIVERSITY
1442201485900,ARCADE,7TH STREET,-85.7870844259237,38.2096258063524,ARCADE @ 7TH STREET
1456922135123,FINCASTLE,POPLAR LEVEL,-85.7151771486571,38.207663369189,FINCASTLE @ POPLAR LEVEL
1466129065144,HESS,PRESTON,-85.7363101651596,38.2049585950974,HESS @ PRESTON
16340775940,JUNEAU,SHELBYVILLE,-85.5261894589444,38.2462773314475,JUNEAU @ SHELBYVILLE
28012247132,COLLINS,WESTPORT,-85.5242920059551,38.3042354170978,COLLINS @ WESTPORT
179038606712,LIME KILN,U S HIGHWAY 42,-85.6296228021137,38.2890905796177,LIME KILN @ U S HIGHWAY 42
181925897132,GOOSE CREEK,WESTPORT,-85.57761102274,38.2860389792358,GOOSE CREEK @ WESTPORT
220070427132,WASHBURN,WESTPORT,-85.6222855383342,38.2663388067552,WASHBURN @ WESTPORT
228127743707,LYNDON,LA GRANGE,-85.6069556953987,38.2620455730655,LYNDON @ LA GRANGE
259030085940,HUBBARDS,SHELBYVILLE,-85.6399980059177,38.2516485389406,HUBBARDS @ SHELBYVILLE
260107235940,BROWNS,SHELBYVILLE,-85.6472732985666,38.2522455155441,BROWNS @ SHELBYVILLE
276941369985,MAIN,MADISON,-85.5396754611051,38.2453504411394,MAIN @ MADISON
278406567222,BRECKENRIDGE,WINCHESTER,-85.6477253479261,38.243477618781,BRECKENRIDGE @ WINCHESTER
291009369997,CANNONS,I 64 RAMP,-85.6587985672862,38.2364495526858,CANNONS @ I 64 RAMP
460407638870,BUNSEN PKY,PLANTSIDE DR,-85.5723678160216,38.2165963829366,BUNSEN PKY @ PLANTSIDE DR
464207237222,BROWNS,WINCHESTER,-85.6424638278376,38.246126133545,BROWNS @ WINCHESTER
466807235950,BROWNS,SHERBURN,-85.6340386898918,38.2391560262328,BROWNS @ SHERBURN
518806566394,BRECKENRIDGE,TAYLORSVILLE,-85.6305074649298,38.22015762339,BRECKENRIDGE @ TAYLORSVILLE
531507231717,BROWNS,DUTCHMANS,-85.62982080611,38.2360402406981,BROWNS @ DUTCHMANS
531717171749,DUTCHMANS,DUPONT,-85.631669335613,38.2345524552806,DUTCHMANS @ DUPONT
531906561717,BRECKENRIDGE,DUTCHMANS,-85.6408173189699,38.2349292624281,BRECKENRIDGE @ DUTCHMANS
540503644492,BALLARDSVILLE,MURPHY,-85.5395277393942,38.3176930935698,BALLARDSVILLE @ MURPHY
561263949126,TAYLORSVILLE,HURSTBOURNE,-85.5910781679698,38.2155178497232,TAYLORSVILLE @ HURSTBOURNE
561991269352,HURSTBOURNE,GREENE,-85.59564263902,38.212017104603,HURSTBOURNE @ GREENE
562560056394,SIX MILE,TAYLORSVILLE,-85.5868137139562,38.2115745784884,SIX MILE @ TAYLORSVILLE
617909361717,CANNONS,DUTCHMANS,-85.6505811247168,38.2259755538957,CANNONS @ DUTCHMANS
618163949995,TAYLORSVILLE,I 264 RAMP,-85.6544495609707,38.2217930195334,TAYLORSVILLE @ I 264 RAMP
678831324472,LA FONTENAY,MOSER,-85.5592130052594,38.2450550360854,LA FONTENAY @ MOSER
803463946551,TAYLORSVILLE,TUCKER STATION,-85.5238397428083,38.1870580861515,TAYLORSVILLE @ TUCKER STATION
809116897475,DRY RIDGE,NAPIER,-85.4422613565056,38.1196233635129,DRY RIDGE @ NAPIER
815914026394,STONE LAKES,TAYLORSVILLE,-85.5160247855651,38.1877609192479,STONE LAKES @ TAYLORSVILLE
821803849996,BARDSTOWN,I 265 RAMP,-85.5822138751519,38.1395204093959,BARDSTOWN @ I 265 RAMP
261,BARDSTOWN,BRECKENRIDGE,-85.6268561397661,38.1812120057949,BARDSTOWN @ BRECKENRIDGE
262,RANGELAND,SHEPHERDSVILLE,-85.6598575835744,38.1643998956178,RANGELAND @ SHEPHERDSVILLE
1082354379904,REDDING,MEADOW RIDGE,-85.6258181265124,38.1898821403246,REDDING @ MEADOW RIDGE
1157103840518,BARDSTOWN,BEULAH CHURCH,-85.5872554780658,38.1499454991423,BARDSTOWN @ BEULAH CHURCH
1159546326026,OUTER LOOP,SMYRNA PKWY,-85.6418979816959,38.1379584388873,OUTER LOOP @ SMYRNA PKWY
1183973559126,WATTERSON,HURSTBOURNE,-85.6066884156386,38.1834980350759,WATTERSON @ HURSTBOURNE
1211845529995,NEWBURG,I 264 RAMP,-85.6877139762741,38.2014784308818,NEWBURG @ I 264 RAMP
1214731548199,INDIAN HILLS,RIVER,-85.6825356395875,38.2896610694078,INDIAN HILLS @ RIVER
1249303705896,BANK,17TH,-85.7774516805209,38.2620064963542,BANK @ 17TH
1253941396583,MAIN,26TH,-85.79357098592,38.2607379241834,MAIN @ 26TH
1259842146584,MARKET,26TH,-85.7937372956105,38.259508433609,MARKET @ 26TH
1264942146574,MARKET,DR W J HODGE,-85.7849114927686,38.2583584914192,MARKET @ DR W J HODGE
1270433276580,JEFFERSON,22ND,-85.7868141950062,38.2571475447126,JEFFERSON @ 22ND
1280365807012,22ND,MUHAMMAD ALI,-85.7872922175691,38.2544316031197,22ND @ MUHAMMAD ALI
1284560077012,16TH,MUHAMMAD ALI,-85.7773527114803,38.2533268208719,16TH @ MUHAMMAD ALI
129600702E985,BROADWAY,LOUIS COLEMAN JR,-85.8082040399934,38.2498845191412,BROADWAY @ LOUIS COLEMAN JR
1296407026456,BROADWAY,32ND,-85.8057456865795,38.2498235722718,BROADWAY @ 32ND
1300807025897,BROADWAY,17TH,-85.7798546120352,38.2487137922036,BROADWAY @ 17TH
1302007026007,BROADWAY,16TH,-85.778212091557,38.2484850327365,BROADWAY @ 16TH
1305307021899,BROADWAY,11TH,-85.7699438129221,38.2473356077927,BROADWAY @ 11TH
1312560097433,6TH,YORK,-85.7620258640312,38.2445582994401,6TH @ YORK
1315258727433,2ND,YORK,-85.7554066664285,38.2438236788525,2ND @ YORK
1333447196574,OAK,DR W J HODGE,-85.7886095592434,38.2373111042064,OAK @ DR W J HODGE
1336657865872,ST CATHERINE,2ND,-85.7565944730915,38.2370605133843,ST CATHERINE @ 2ND
1339416985897,DUMESNIL,17TH,-85.7830200715731,38.2360179521276,DUMESNIL @ 17TH
1344647196438,OAK,3RD,-85.7586713611574,38.2348733275766,OAK @ 3RD
1346307074718,BROOK,OAK,-85.7536788293809,38.2344181476092,BROOK @ OAK
1346922544718,FLOYD,OAK,-85.7516602390164,38.2342314530955,FLOYD @ OAK
1352223054803,4TH,ORMSBY,-85.7607074253923,38.2328637724974,4TH @ ORMSBY
1357807074802,BROOK,ORMSBY,-85.754165550806,38.2316704823849,BROOK @ ORMSBY
1372329345899,HILL,7TH,-85.7690043241186,38.2267679776952,HILL @ 7TH
1380800610458,ALGONQUIN,BEECH,-85.8052335502682,38.2240742440388,ALGONQUIN @ BEECH
1385800611612,ALGONQUIN,DIXIE,-85.7925095350627,38.2231697781913,ALGONQUIN @ DIXIE
1389037975872,LEE,2ND,-85.7590591608645,38.2230357056341,LEE @ 2ND
1392245526082,NEWBURG,SPEED,-85.7106760575471,38.2229777090516,NEWBURG @ SPEED
1412803846596,BARDSTOWN,TYLER,-85.6774213085551,38.2178132766064,BARDSTOWN @ TYLER
1418310415900,CENTRAL,7TH STREET,-85.7829267045615,38.2148256014913,CENTRAL @ 7TH STREET
28198E9851698,LOUIS COLEMAN JR,DUMESNIL,-85.8105045508988,38.2376556562904,LOUIS COLEMAN JR @ DUMESNIL
48920185940,PARK PLACE,SHELBYVILLE,-85.5121903635933,38.2428461931047,PARK PLACE @ SHELBYVILLE
104937079996,LA GRANGE,I 265 RAMP,-85.5146582015776,38.2845361462739,LA GRANGE @ I 265 RAMP
106600329409,AIKEN,ENGLISH STATION,-85.5134637711605,38.2533692423473,AIKEN @ ENGLISH STATION
11314756D130,OLD HENRY,BUSH FARM,-85.4905253368757,38.2741506144838,OLD HENRY @ BUSH FARM
122559409996,SHELBYVILLE,I 265 RAMP,-85.5024045765911,38.2419149221723,SHELBYVILLE @ I 265 RAMP
139830266712,HUNTING CREEK,U S HIGHWAY 42,-85.6129958792423,38.352282724464,HUNTING CREEK @ U S HIGHWAY 42
238430073793,HUBBARDS,LEDYARD,-85.6394382458322,38.2571251331076,HUBBARDS @ LEDYARD
270619905940,EVERGREEN,SHELBYVILLE,-85.5315047914737,38.2486418540988,EVERGREEN @ SHELBYVILLE
288409367222,CANNONS,WINCHESTER,-85.6593123120675,38.2380565964632,CANNONS @ WINCHESTER
323706562930,BRECKENRIDGE,HIKES,-85.6285909325742,38.2181548583249,BRECKENRIDGE @ HIKES
352706563259,BRECKENRIDGE,SUDBURY,-85.6265674802229,38.2086878724167,BRECKENRIDGE @ SUDBURY
363503842866,BARDSTOWN,HEATHER,-85.6666711303965,38.205642336104,BARDSTOWN @ HEATHER
386003842930,BARDSTOWN,HIKES,-85.6599997920989,38.1990449618004,BARDSTOWN @ HIKES
487976248353,BLANKENBAKER,COMMONWEALTH,-85.5390187737036,38.214602433933,BLANKENBAKER @ COMMONWEALTH
451107242589,BROWNSBORO,GOOSE CREEK,-85.5926822388638,38.3004414779663,BROWNSBORO @ GOOSE CREEK
468442936394,MCMAHAN,TAYLORSVILLE,-85.619499251243,38.2195404526809,MCMAHAN @ TAYLORSVILLE
469030016394,HOUSTON,TAYLORSVILLE,-85.616111987281,38.2193867373212,HOUSTON @ TAYLORSVILLE
578509363838,CANNONS,LEXINGTON,-85.6669339132404,38.2496222579532,CANNONS @ LEXINGTON
499730966394,MERIONETH,TAYLORSVILLE,-85.5768699450828,38.2035824069716,MERIONETH @ TAYLORSVILLE
514167127258,U S HIGHWAY 42,WOLF PEN BRANCH,-85.6225622068987,38.3215370896525,U S HIGHWAY 42 @ WOLF PEN BRANCH
545817179463,DUTCHMANS PKY,DUTCHMANS LN,-85.639823817067,38.230978404061,DUTCHMANS PKY @ DUTCHMANS LN
560588709126,BUNSEN,HURSTBOURNE,-85.5841421366253,38.2189148611048,BUNSEN @ HURSTBOURNE
645822157624,FINCHLEY,BLANKENBAKER,-85.5439759507159,38.2359084468086,FINCHLEY @ BLANKENBAKER
671291269997,HURSTBOURNE,I 64 RAMP,-85.5783423817514,38.2246364878386,HURSTBOURNE @ I 64 RAMP
78286100D520,SPRINGDALE,PARK PLAZA,-85.5800014479279,38.3090841358571,SPRINGDALE @ PARK PLAZA
324,BARDSTOWN,FEGENBUSH,-85.6378990914157,38.1872153970998,BARDSTOWN @ FEGENBUSH
325,PROGRESS,BUECHEL BANK,-85.6531701709918,38.1781917429216,PROGRESS @ BUECHEL BANK
933559457160,SHEPHERDSVILLE,WHISPERING HILLS,-85.6599193588886,38.1486146651726,SHEPHERDSVILLE @ WHISPERING HILLS
950421637291,FEGENBUSH,WATTERSON,-85.6156588181044,38.1385876922463,FEGENBUSH @ WATTERSON
955533704815,JUDGE,OUTER,-85.6694673955042,38.1377805802206,JUDGE @ OUTER
1086544875144,MUD,PRESTON,-85.6691694396026,38.0928339129717,MUD @ PRESTON
1197031494552,INDIAN,NEWBURG,-85.6653385753859,38.1846238150615,INDIAN @ NEWBURG
1242522854214,41ST,MARKET,-85.8160940796532,38.2626419256995,41ST @ MARKET
1266133276584,JEFFERSON,26TH,-85.7939495217827,38.2579405296557,JEFFERSON @ 26TH
1275533276007,JEFFERSON,16TH,-85.7768627121342,38.2560288021223,JEFFERSON @ 16TH
1278765767012,24TH,MUHAMMAD ALI,-85.7914925689938,38.2549014883748,24TH @ MUHAMMAD ALI
1286911146580,CHESTNUT,22ND,-85.787673937697,38.252247662442,CHESTNUT @ 22ND
1292141286574,MAGAZINE,DR W J HODGE,-85.7862502062442,38.2507594897568,MAGAZINE @ DR W J HODGE
1292449968070,PAYNE,SPRING,-85.7188736644792,38.2515777430356,PAYNE @ SPRING
1298407026584,BROADWAY,26TH,-85.794883151354,38.2494550512548,BROADWAY @ 26TH
1299207026574,BROADWAY,DR W J HODGE,-85.7865291879993,38.2491716684047,BROADWAY @ DR W J HODGE
1313523053847,4TH,LIBRARY,-85.7587054572427,38.2442478194795,4TH @ LIBRARY
1314338476438,LIBRARY,3RD,-85.7570641164055,38.2440465564859,LIBRARY @ 3RD
1319026516570,GREENWOOD,28TH,-85.7995700509453,38.2422770450558,GREENWOOD @ 28TH
1322926516580,GREENWOOD,22ND,-85.7896123942796,38.241212529479,GREENWOOD @ 22ND
1323022043532,15TH,KENTUCKY,-85.7776067762813,38.2413550958238,15TH @ KENTUCKY
1328964566877,32ND,VIRGINIA,-85.8069500182492,38.2387041691512,32ND @ VIRGINIA
1342465807212,22ND,WILSON,-85.7903938951142,38.2348985624692,22ND @ WILSON
1347532924718,JACKSON,OAK,-85.7474909253191,38.2342029512108,JACKSON @ OAK
1360332924802,JACKSON,ORMSBY,-85.7480774502087,38.2307964456176,JACKSON @ ORMSBY
1367522234130,1ST,MAGNOLIA,-85.7564101170496,38.2285908288619,1ST @ MAGNOLIA
1375223052934,4TH,HILL,-85.761913015243,38.2260045265687,4TH @ HILL
1390607072223,BROOK,1ST,-85.7558072919444,38.2226877048879,BROOK @ 1ST
1396007746424,BURNETT,TEXAS,-85.7375096525811,38.2217294990993,BURNETT @ TEXAS
1426459007057,7TH STREET,WATHEN,-85.784812210198,38.2128735410472,7TH STREET @ WATHEN
1434929065123,HESS,POPLAR LEVEL,-85.7209553793764,38.2119815337923,HESS @ POPLAR LEVEL
1465604805123,BELMAR,POPLAR LEVEL,-85.7129596262073,38.2053976266101,BELMAR @ POPLAR LEVEL
91110532109,CHAMBERLAIN,FACTORY,-85.5123132510181,38.2894652807025,CHAMBERLAIN @ FACTORY
175005498199,BLANKENBAKER,RIVER,-85.6729759980753,38.2948693798332,BLANKENBAKER @ RIVER
256959406436,SHELBYVILLE,THIERMAN,-85.6450741337721,38.2520732114618,SHELBYVILLE @ THIERMAN
238880589125,TAMARISK,HURSTBOURNE,-85.5787725867187,38.2586992907375,TAMARISK @ HURSTBOURNE
264559407022,SHELBYVILLE,TEN PIN,-85.6236201130533,38.2502716362532,SHELBYVILLE @ TEN PIN
266746094839,NORWOOD,OXMOOR,-85.6133297541066,38.2494070562408,NORWOOD @ OXMOOR
375906564154,BRECKENRIDGE,MANNER DALE,-85.6224023995426,38.2025785461094,BRECKENRIDGE @ MANNER DALE
418544927132,MURPHY,WESTPORT,-85.5325692296081,38.3020410765941,MURPHY @ WESTPORT
436629017132,HERR,WESTPORT,-85.6156531780486,38.2702136277234,HERR @ WESTPORT
508029305629,HIKES,ROSS,-85.6349407602314,38.2145656031552,ST JOHN PAUL II
529007234084,BROWNS,KRESGE,-85.6374700811969,38.2399337331642,BROWNS @ KRESGE
543050947355,PLANTSIDE,WATTERSON,-85.5591636628168,38.2081693054308,PLANTSIDE @ WATTERSON
560389749125,ORMSBY STATION,HURSTBOURNE,-85.56803746804,38.2646420126172,ORMSBY STATION @ HURSTBOURNE
652124459126,TIMBERWOOD,HURSTBOURNE,-85.5770154915801,38.2339489950339,TIMBERWOOD @ HURSTBOURNE
664032835940,WILDWOOD,SHELBYVILLE,-85.5732877229861,38.2461306014145,WILDWOOD @ SHELBYVILLE
69293707E700,LA GRANGE,HURSTBOURNE RAMP,-85.5642782395955,38.2709256343894,LA GRANGE @ HURSTBOURNE RAMP
730927637132,HERMITAGE,WESTPORT,-85.5890400071819,38.2809165045325,HERMITAGE @ WESTPORT
767723806712,FOX HARBOR,U S HIGHWAY 42,-85.6174808780598,38.3424371467185,FOX HARBOR @ U S HIGHWAY 42
780629303804,HIKES,CHAMPIONS TRACE,-85.6632619594936,38.1968939093517,HIKES @ CHAMPIONS TRACE
829903846005,BARDSTOWN,SIX MILE,-85.6526658866415,38.1950549297469,BARDSTOWN @ SIX MILE
955248155545,OUTER,ROBBS,-85.6652576817014,38.1379559356949,OUTER @ ROBBS
100331273D471,COOPER CHAPEL,PRESTON CROSSING,-85.6703062534132,38.1038316670321,COOPER CHAPEL @ PRESTON CROSSING
1174363948881,TAYLORSVILLE,RUCKRIEGEL,-85.5617079521574,38.1906221030928,TAYLORSVILLE @ RUCKRIEGEL
1184873558946,WATTERSON,STONY BROOK,-85.596022423279,38.1837624827986,WATTERSON @ STONY BROOK
1209934245144,ANTLE,PRESTON,-85.6676847240675,38.0875049823836,ANTLE @ PRESTON
1264422032204,W MAIN ST,N 15TH ST,-85.7747401646545,38.2586364115084,W MAIN ST @ N 15TH ST
1273918833327,18TH,JEFFERSON,-85.7801951669807,38.2564060737393,18TH @ JEFFERSON
1276565707012,28TH,MUHAMMAD ALI,-85.7972268724222,38.25553886903,28TH @ MUHAMMAD ALI
1280965747012,DR W J HODGE,MUHAMMAD ALI,-85.7856336222535,38.2542529359959,DR W J HODGE @ MUHAMMAD ALI
1283311146570,CHESTNUT,28TH,-85.797607857086,38.2533545587205,CHESTNUT @ 28TH
1285122047012,15TH,MUHAMMAD ALI,-85.7756989101874,38.2531458908287,15TH @ MUHAMMAD ALI
1286141286444,MAGAZINE,30TH,-85.8011499447325,38.2524175657581,MAGAZINE @ 30TH
1291811142204,CHESTNUT,15TH,-85.776083104993,38.2509599001006,CHESTNUT @ 15TH
1293807026446,BROADWAY,38TH,-85.8151182816856,38.2501358750212,BROADWAY @ 38TH
1302907022204,BROADWAY,15TH,-85.77655266609,38.2482592176583,BROADWAY @ 15TH
1304507026566,BROADWAY,12TH,-85.7716316430918,38.2475686987046,BROADWAY @ 12TH
1305541726574,MAPLE,DR W J HODGE,-85.7869013670479,38.247051364774,MAPLE @ DR W J HODGE
1310424826570,GARLAND,28TH,-85.7990917114389,38.2449733154004,GARLAND @ 28TH
1313022077433,5TH,YORK,-85.7603761817221,38.24439632667,5TH @ YORK
1322006582305,BRECKINRIDGE,4TH,-85.7591180437048,38.2418975973469,BRECKINRIDGE @ 4TH
1334616986584,DUMESNIL,26TH,-85.7963472185173,38.236943781233,DUMESNIL @ 26TH
1337222235785,1ST,ST CATHERINE,-85.7549406319616,38.236902793772,1ST @ ST CATHERINE
1343032925785,JACKSON,ST CATHERINE,-85.74729750028,38.2353345345962,JACKSON @ ST CATHERINE
1362703840605,BARDSTOWN,BONNYCASTLE,-85.7048424168522,38.2307913296671,BARDSTOWN @ BONNYCASTLE
1365029346580,HILL,22ND,-85.7928536947276,38.2288840936344,HILL @ 22ND
1368203844240,BARDSTOWN,MARYLAND,-85.7020777656014,38.2291066963528,BARDSTOWN @ MARYLAND
1369829346566,HILL,12TH,-85.7751709794537,38.2274273911153,HILL @ 12TH
1372807740775,W BURNETT AVE,S 1ST ST,-85.7567198286293,38.2267785161654,W BURNETT AVE @ S 1ST ST
1384900616580,ALGONQUIN,22ND,-85.7951035234378,38.2233491800709,ALGONQUIN @ 22ND
1394904780934,BELLS,CANE RUN,-85.8124564764548,38.2210920620498,BELLS @ CANE RUN
1403811585123,CLARKS,POPLAR LEVEL,-85.728866884499,38.2199130687925,CLARKS @ POPLAR LEVEL
1423223053161,4TH,INDUSTRY,-85.7640397867727,38.2138714117483,4TH @ INDUSTRY
1435013421835,CRITTENDEN,EASTERN,-85.7512556030796,38.2115773151175,CRITTENDEN @ EASTERN
1441264387237,3RD,WINKLER,-85.7629850829311,38.2101529182224,3RD @ WINKLER
1459823052909,4TH,HEYWOOD,-85.765342818964,38.2064156515394,4TH @ HEYWOOD
1485726966554,GARRETT,TULANE,-85.7624530287898,38.1995159258909,GARRETT @ TULANE
1488239336392,LONGFIELD,TAYLOR,-85.7827522105615,38.1985913569749,LONGFIELD @ TAYLOR
16790939409,DATA VAULT,ENGLISH STATION,-85.5105894846762,38.2454078997078,DATA VAULT @ ENGLISH STATION
18059409996,SHELBYVILLE,I 265 RAMP,-85.5047078701445,38.2421080105623,SHELBYVILLE @ I 265 RAMP
58022365940,FLAT ROCK,SHELBYVILLE,-85.444207237842,38.2358765986037,FLAT ROCK @ SHELBYVILLE
129009369997,CANNONS,I 64 RAMP,-85.6575797307328,38.2346899499096,CANNONS @ I 64 RAMP
149267128230,U S HIGHWAY 42,TIMBER RIDGE,-85.6203396415981,38.3383445070398,U S HIGHWAY 42 @ TIMBER RIDGE
252446257042,NEW LA GRANGE,WASHBURN,-85.6119519375559,38.2542341453856,NEW LA GRANGE @ WASHBURN
220207241093,BROWNSBORO,CHENOWETH,-85.6658588661835,38.2658223287555,BROWNSBORO @ CHENOWETH
333103840685,BARDSTOWN,BRIGHTON,-85.6735162354859,38.2140735812852,BARDSTOWN @ BRIGHTON
345003849995,BARDSTOWN,I 264 RAMP,-85.6706585763567,38.2105212000464,BARDSTOWN @ I 264 RAMP
351303842585,BARDSTOWN,GOLDSMITH,-85.668997455028,38.208429810815,BARDSTOWN @ GOLDSMITH
388108272930,BUECHEL,HIKES,-85.6610308021941,38.1983731214427,BUECHEL @ HIKES
435827747132,LYNDON,WESTPORT,-85.6142796565529,38.2710214828158,LYNDON @ WESTPORT
477491259183,HURSTBOURNE PKY,HURSTBOURNE TRCE,-85.579183116568,38.2514429527648,HURSTBOURNE PKY @ HURSTBOURNE TRCE
592327745940,LYNDON,SHELBYVILLE,-85.5988587362267,38.2481825389976,LYNDON @ SHELBYVILLE
508423492930,FURMAN,HIKES,-85.6393859041267,38.2119724261253,FURMAN @ HIKES
515050947624,PLANTSIDE,BLANKENBAKER,-85.5388390694672,38.210333772461,PLANTSIDE @ BLANKENBAKER
526659409995,SHELBYVILLE,I 264 RAMP,-85.6173469468564,38.2497566770362,SHELBYVILLE @ I 264 RAMP
529159405950,SHELBYVILLE,SHERBURN,-85.6252290182763,38.2504214768488,SHELBYVILLE @ SHERBURN
544536657355,ELECTRON,WATTERSON,-85.5597961539037,38.2027936401488,ELECTRON @ WATTERSON
560830429126,S HURSTBOURNE PKY,HURSTBOURNE,-85.5869891850193,38.2175644066203,S HURSTBOURNE PKY @ HURSTBOURNE
719007249996,BROWNSBORO,I 265 RAMP,-85.5728933823251,38.3090118662037,BROWNSBORO @ I 265 RAMP
434,BUECHEL BANK,BUECHEL,-85.6477067485615,38.1907331696683,BUECHEL BANK @ BUECHEL
435,BUECHEL BANK,SHEPHERDSVILLE,-85.6593823830485,38.1787821690888,BUECHEL BANK @ SHEPHERDSVILLE
908451235945,POPLAR LEVEL,SHEPHERDSVILLE,-85.6599756245171,38.1600376936613,POPLAR LEVEL @ SHEPHERDSVILLE
1032291269795,HURSTBOURNE,AMBROSSE,-85.6037354686152,38.1958867782985,HURSTBOURNE @ AMBROSSE
1087512735144,COOPER CHAPEL,PRESTON,-85.6725969626033,38.1035119733648,COOPER CHAPEL @ PRESTON
1140889469126,STONY BROOK,HURSTBOURNE,-85.6044304932903,38.1711374953043,STONY BROOK @ HURSTBOURNE
1169201884170,BILLTOWN,MAPLE,-85.568494047621,38.1923347883736,BILLTOWN @ MAPLE
1174036828881,GAUDET,RUCKRIEGEL,-85.565290368502,38.18843704826,GAUDET @ RUCKRIEGEL
1278855356448,34TH,RIVER PARK,-85.8075395449995,38.2544642484307,34TH @ RIVER PARK
1260707242938,BROWNSBORO,HILLCREST,-85.6857690533914,38.2606039787168,BROWNSBORO @ HILLCREST
1274864447012,30TH,MUHAMMAD ALI,-85.8005357457497,38.255908321264,30TH @ MUHAMMAD ALI
1299807021883,BROADWAY,18TH,-85.7815071273592,38.2489411960884,BROADWAY @ 18TH
1303385349226,12TH STREET CONNECTOR,ESQUIRE,-85.7716044206164,38.2482432901312,12TH STREET CONNECTOR @ ESQUIRE
1313224826574,GARLAND,DR W J HODGE,-85.7874572913015,38.2439414020776,GARLAND @ DR W J HODGE
1332247196584,OAK,26TH,-85.7962333241861,38.2377684361695,OAK @ 26TH
1342824914719,GARVIN,OAK,-85.7619919881367,38.2351731581828,GARVIN @ OAK
1346242345785,MARY,ST CATHERINE,-85.7412402641562,38.2347024569607,MARY @ ST CATHERINE
1351347185937,OAK,SHELBY,-85.7414711000562,38.2333958406402,OAK @ SHELBY
1367141305872,MAGNOLIA,2ND,-85.7580554982957,38.2287728199784,MAGNOLIA @ 2ND
1368107074129,BROOK,MAGNOLIA,-85.7547321628998,38.2284742893224,BROOK @ MAGNOLIA
1376529345872,HILL,2ND,-85.7586008323775,38.2256510353154,HILL @ 2ND
1377025926424,GOSS,TEXAS,-85.733329458601,38.2259492735671,GOSS @ TEXAS
1383300611374,ALGONQUIN,CYPRESS,-85.8001781350857,38.2237161827927,ALGONQUIN @ CYPRESS
1411651236480,POPLAR LEVEL,THRUSTON,-85.7266912200724,38.217605510463,POPLAR LEVEL @ THRUSTON
14222F2719998,UNIVERSITY,I 65 RAMP,-85.7521082305869,38.214308828017,UNIVERSITY @ I 65 RAMP
1427818356438,EASTERN,3RD,-85.762298597589,38.2137534879316,EASTERN @ 3RD
1428245526530,NEWBURG,TREVILIAN,-85.7010023961369,38.21357191924,NEWBURG @ TREVILIAN
1437400617237,ALGONQUIN,WINKLER,-85.7690909555766,38.2108265538064,ALGONQUIN @ WINKLER
1459239135144,LOCUST,PRESTON,-85.7375589795418,38.2069016243661,LOCUST @ PRESTON
1474602195144,AUDUBON,PRESTON,-85.7349473788877,38.2028425224018,AUDUBON @ PRESTON
28201E9856877,LOUIS COLEMAN JR,VIRGINIA,-85.8102712331026,38.2389923248619,LOUIS COLEMAN JR @ VIRGINIA
135767128199,U S HIGHWAY 42,RIVER,-85.6159180661516,38.345459495988,U S HIGHWAY 42 @ RIVER
252723233838,FRANKFORT,LEXINGTON,-85.6571171892462,38.2530305300675,FRANKFORT @ LEXINGTON
214107243007,BROWNSBORO,HUBBARDS,-85.6528274319053,38.2705267675682,BROWNSBORO @ HUBBARDS
266446255940,NEW LA GRANGE,SHELBYVILLE,-85.6151532558506,38.2495661536558,NEW LA GRANGE @ SHELBYVILLE
365725852930,GOLDSMITH,HIKES,-85.6500690432442,38.2052741722934,GOLDSMITH @ HIKES
518506569995,BRECKENRIDGE,I 264 RAMP,-85.6370061928152,38.2301089695574,BRECKENRIDGE @ I 264 RAMP
543173558881,WATTERSON,RUCKRIEGEL,-85.5595510159545,38.199316650443,WATTERSON @ RUCKRIEGEL
815663949996,TAYLORSVILLE,I 265 RAMP,-85.5105451886231,38.1885039787132,TAYLORSVILLE @ I 265 RAMP
852410956394,CHENOWETH RUN,TAYLORSVILLE,-85.5519507889038,38.1882887109935,CHENOWETH RUN @ TAYLORSVILLE
943205535032,BLAZIER,PEPPERMILL,-85.6310074790383,38.143396001879,BLAZIER @ PEPPERMILL
952105182163,BEULAH CHURCH,FEGENBUSH,-85.6134405582193,38.1376493431822,BEULAH CHURCH @ FEGENBUSH
952908904815,APPLE VALLEY,OUTER,-85.6212889048964,38.1374329551251,APPLE VALLEY @ OUTER
1055963947624,TAYLORSVILLE,BLANKENBAKER,-85.5482005911885,38.1874258833458,TAYLORSVILLE @ BLANKENBAKER
11343D281D284,RIDGESIDE,BLACK WILLOW,-85.57890941815,38.1447932800055,RIDGESIDE @ BLACK WILLOW
1159448155945,OUTER,SHEPHERDSVILLE,-85.6576383358741,38.1389766864104,OUTER @ SHEPHERDSVILLE
1169401888881,BILLTOWN,RUCKRIEGEL,-85.5689743658221,38.1902019193585,BILLTOWN @ RUCKRIEGEL
1169863947355,TAYLORSVILLE,WATTERSON,-85.5654614034723,38.1942828967409,TAYLORSVILLE @ WATTERSON
1213026639997,GRINSTEAD,I 64 RAMP,-85.7007934668059,38.2467147538147,GRINSTEAD @ I 64 RAMP
1249642146446,MARKET,38TH,-85.8117887404718,38.2614698701574,MARKET @ 38TH
1271433276574,JEFFERSON,DR W J HODGE,-85.785156311483,38.256964229604,JEFFERSON @ DR W J HODGE
1290711146007,CHESTNUT,16TH,-85.7777446626124,38.2511393494545,CHESTNUT @ 16TH
1299107026580,BROADWAY,22ND,-85.7882072121325,38.2492247614855,BROADWAY @ 22ND
1322706586438,BRECKINRIDGE,3RD,-85.7574658571392,38.241716563663,BRECKINRIDGE @ 3RD
1329222073532,5TH,KENTUCKY,-85.7606545547697,38.2391746074252,5TH @ KENTUCKY
1330565706877,28TH,VIRGINIA,-85.8002990995548,38.2381136128055,28TH @ VIRGINIA
1334510111698,CATALPA,DUMESNIL,-85.8016145885347,38.2368758803599,CATALPA @ DUMESNIL
1344911675785,CLAY,ST CATHERINE,-85.7432602719618,38.2349166053538,CLAY @ ST CATHERINE
1349311674718,CLAY,OAK,-85.7434555839323,38.2337891248226,CLAY @ OAK
1355861246580,STANDARD,22ND,-85.7917687664521,38.23155247121,STANDARD @ 22ND
1363941306009,MAGNOLIA,6TH,-85.7646824176294,38.2294620302981,MAGNOLIA @ 6TH
1373929346009,HILL,6TH,-85.7652277441551,38.2263532567013,HILL @ 6TH
1406307741835,BURNETT,EASTERN,-85.735289760298,38.2188924393296,BURNETT @ EASTERN
1437210411238,CENTRAL,COLORADO,-85.7795928705259,38.2107377256773,CENTRAL @ COLORADO
1475001486392,ARCADE,TAYLOR,-85.7814973231902,38.2021296594755,ARCADE @ TAYLOR
2807199957132,I 264 RAMP,WESTPORT,-85.6254069020661,38.2647138524409,I 264 RAMP @ WESTPORT
28206E9852651,LOUIS COLEMAN JR,GREENWOOD,-85.809529227401,38.2431546263237,LOUIS COLEMAN JR @ GREENWOOD
266748395940,OXMOOR,SHELBYVILLE,-85.6135113117015,38.2481754833912,OXMOOR @ SHELBYVILLE
1383225929018,GOSS,PARKWAY GARDENS,-85.7319075393266,38.2251318887285,GOSS @ PARKWAY GARDENS
1407106472254,BRANDEIS,FLOYD,-85.754675851777,38.2171034722653,BRANDEIS @ FLOYD
1524326633838,GRINSTEAD,LEXINGTON,-85.7015519239771,38.2455458550683,GRINSTEAD @ LEXINGTON
1552742137101,MARKET,WENZEL,-85.7340106486328,38.2527566487894,MARKET @ WENZEL
1553711133844,CHESTNUT,LIBERTY,-85.7331868934482,38.2498752792465,CHESTNUT @ LIBERTY
1555307021885,BROADWAY,8TH,-85.7650313932273,38.2466755971014,BROADWAY @ 8TH
1557604173838,BAXTER,LEXINGTON,-85.730702932205,38.24851087443,BAXTER @ LEXINGTON
1560341385936,MAIN,SHELBY,-85.7377932913274,38.2545787977785,MAIN @ SHELBY
1561526736438,GUTHRIE,3RD,-85.7560370215744,38.2498508807662,GUTHRIE @ 3RD
1561801671114,ARMORY,CHESTNUT,-85.760293587198,38.249216599193,ARMORY @ CHESTNUT
1566224794552,GARDINER,NEWBURG,-85.6909668403607,38.2031649965036,GARDINER @ NEWBURG
1566843064552,MEADOWCREEK,NEWBURG,-85.6834887975917,38.1989310212778,MEADOWCREEK @ NEWBURG
1587903847314,BARDSTOWN,WROCKLAGE,-85.6891914900806,38.2238634969347,BARDSTOWN @ WROCKLAGE
1588703846394,BARDSTOWN,TAYLORSVILLE,-85.6847080410047,38.2230110125313,BARDSTOWN @ TAYLORSVILLE
1602604172923,BAXTER,HIGHLAND,-85.7242756835629,38.2402693432561,BAXTER @ HIGHLAND
1609411002923,CHEROKEE,HIGHLAND,-85.722897213908,38.2410442189552,CHEROKEE @ HIGHLAND
1613204171006,BAXTER,CASTLEWOOD,-85.716302903747,38.2302708527325,BAXTER @ CASTLEWOOD
1629506572796,BRECKINRIDGE,HANCOCK,-85.7443798722754,38.2403191561376,BRECKINRIDGE @ HANCOCK
1629906571167,BRECKINRIDGE,CLAY,-85.7423615361952,38.2401091234555,BRECKINRIDGE @ CLAY
1630206575937,BRECKINRIDGE,SHELBY,-85.7403384672889,38.2399011762162,BRECKINRIDGE @ SHELBY
1634627963531,HANCOCK,KENTUCKY,-85.744887469045,38.2373613398601,HANCOCK @ KENTUCKY
1642059377011,SHELBY,MUHAMMAD ALI,-85.7387503510765,38.2491063145528,SHELBY @ MUHAMMAD ALI
1642209247011,CAMPBELL,MUHAMMAD ALI,-85.7367377045167,38.2488875304795,CAMPBELL @ MUHAMMAD ALI
1643007071113,BROOK,CHESTNUT,-85.7518332594476,38.2482843118132,BROOK @ CHESTNUT
1644322232625,1ST,GRAY,-85.7531392154097,38.2471056229109,1ST @ GRAY
1647307012254,BROADWAY,FLOYD,-85.7496851225407,38.24544727949,BROADWAY @ FLOYD
1650432924138,JACKSON,MAIN,-85.7438461876756,38.2552384212071,JACKSON @ MAIN
1650851428199,PRESTON,RIVER,-85.7454652857117,38.2577397311824,PRESTON @ RIVER
1658623232783,FRANKFORT,HALDEMAN,-85.7128149531934,38.2555512019655,FRANKFORT @ HALDEMAN
1664100616007,ALGONQUIN,16TH,-85.7828145691535,38.2221747116929,ALGONQUIN @ 16TH
1667157865899,ST CATHERINE,7TH,-85.7647254435518,38.2377248219708,ST CATHERINE @ 7TH
1669342146438,MARKET,3RD,-85.7551244294268,38.2550539759711,MARKET @ 3RD
1671123042305,W MAIN ST,N 4TH ST,-85.756570314401,38.2566299466582,W MAIN ST @ N 4TH ST
1671442145899,MARKET,7TH,-85.7617413473045,38.2557764673398,MARKET @ 7TH
1673438456438,LIBERTY,3RD,-85.7555005654007,38.2528899647386,LIBERTY @ 3RD
1674158997012,7TH,MUHAMMAD ALI,-85.7624598811642,38.251687595603,7TH @ MUHAMMAD ALI
1674864387012,3RD,MUHAMMAD ALI,-85.7558432041105,38.250959138549,3RD @ MUHAMMAD ALI
1675719084139,MAIN ST,S 2ND ST,-85.7533443866858,38.2562816997453,MAIN ST @ S 2ND ST
1676122532254,E MAIN ST,FLOYD ST,-85.7478919802882,38.2556788915257,E MAIN ST @ FLOYD ST
1676833275872,JEFFERSON,2ND,-85.7538059176815,38.2534922597708,JEFFERSON @ 2ND
1677522543844,FLOYD,LIBERTY,-85.7485127053399,38.2521500844963,FLOYD @ LIBERTY
1677738445143,LIBERTY,PRESTON,-85.7465847730206,38.2513368194221,LIBERTY @ PRESTON
1678741396441,MAIN,13TH,-85.7714256147702,38.2582651011684,MAIN @ 13TH
1712051296579,PORTLAND,22ND,-85.7825384367732,38.2683960973581,PORTLAND @ 22ND
1774763929995,TAYLOR,I 264 RAMP,-85.7838066148195,38.1866512103689,TAYLOR @ I 264 RAMP
1782304805144,BELMAR,PRESTON,-85.729667785161,38.1947102747448,BELMAR @ PRESTON
1789750516280,PHILLIPS,STANDIFORD FIELD,-85.7394264165023,38.1936602638108,PHILLIPS @ STANDIFORD FIELD
1819232575144,STANDIFORD,PRESTON,-85.7208853947629,38.1824291532832,STANDIFORD @ PRESTON
1834176977771,TWIN SPIRES,HERCULES,-85.7213893427687,38.1768572667174,TWIN SPIRES @ HERCULES
1846635646438,KINGSTON,3RD,-85.7677283145564,38.1730632448191,KINGSTON @ 3RD
553,NAOMI,POPLAR LEVEL,-85.6803122841187,38.1653331062817,NAOMI @ POPLAR LEVEL
1902259786440,SHOREWOOD,3RD STREET,-85.7748925619561,38.1441195202245,SHOREWOOD @ 3RD STREET
1904944065144,MINOR,PRESTON,-85.6902359589471,38.1447714366442,MINOR @ PRESTON
1921648158358,OUTER,NOLTEMEYER WYNDE,-85.6804535715745,38.1382116503552,OUTER @ NOLTEMEYER WYNDE
1975525645144,GLEN ROSE,PRESTON,-85.6760543326518,38.1139543674648,GLEN ROSE @ PRESTON
2012705726392,BLUEGRASS,TAYLOR,-85.7832661387833,38.1796073047272,BLUEGRASS @ TAYLOR
2039944066310,MINOR,SOUTH PARK,-85.7149959590363,38.1158026352512,MINOR @ SOUTH PARK
2044305776310,BLUE LICK,SOUTH PARK,-85.6894939124822,38.1163494861298,BLUE LICK @ SOUTH PARK
2044428614163,HAZELWOOD,MANSLICK,-85.7975510337527,38.1703766547417,HAZELWOOD @ MANSLICK
2064721909227,FERN VALLEY,SIGNATURE,-85.7144295880607,38.1573110855347,FERN VALLEY @ SIGNATURE
2074761936427,STRAWBERRY,THALIA,-85.7646808477585,38.1581242470601,STRAWBERRY @ THALIA
2080375869366,KENWOOD,KNOLL GATE,-85.7791763257403,38.1616255075886,KENWOOD @ KNOLL GATE
2088801946052,ASHLAND,SOUTHERN,-85.7674231768064,38.1852381320854,ASHLAND @ SOUTHERN
2092913581612,CRUMS,DIXIE,-85.8080205718338,38.1920406776661,CRUMS @ DIXIE
2183216123540,DIXIE,KERRICK,-85.8357893461156,38.1533745923258,DIXIE @ KERRICK
2236549356440,PAGES,3RD STREET,-85.8352350556059,38.1152348863989,PAGES @ 3RD STREET
2247259956179,SILVERWOOD,STONESTREET,-85.8349392521666,38.1072607466491,SILVERWOOD @ STONESTREET
224936826E239,VALLEY STATION,RENAISSANCE VALLEY,-85.8613956119964,38.1056883044639,VALLEY STATION @ RENAISSANCE VALLEY
2282483248382,GREENBELT,RIVERPORT,-85.8816471079844,38.1611622503945,GREENBELT @ RIVERPORT
2285539698324,LOWER HUNTERS,GREENBELT,-85.8760176083615,38.1701854676881,LOWER HUNTERS @ GREENBELT
2290216127130,DIXIE,PAGES,-85.8478557555629,38.1301768905713,DIXIE @ PAGES
2479772919126,WATTERSON,HURSTBOURNE,-85.6129677857424,38.1628668889645,WATTERSON @ HURSTBOURNE
2762160522810,SOUTHERN,HARLAN,-85.7645170432031,38.2015820429909,SOUTHERN @ HARLAN
28256E9916394,GOODWILL,TAYLORSVILLE,-85.6221158165552,38.219658111826,GOODWILL @ TAYLORSVILLE
291049998F271,I 65 RAMP,UNIVERSITY,-85.7548988000918,38.2158662986266,I 65 RAMP @ UNIVERSITY
1510013742934,CYPRESS,HILL,-85.7986093320999,38.2303321420719,CYPRESS @ HILL
1517403841835,BARDSTOWN,EASTERN,-85.709323306285,38.2319999324015,BARDSTOWN @ EASTERN
1519303951835,BARRET,EASTERN,-85.7204359795869,38.2265222701031,BARRET @ EASTERN
1522726639997,GRINSTEAD,I 64 RAMP,-85.7000916277688,38.2478426072171,GRINSTEAD @ I 64 RAMP
154274552D266,NEWBURG,BELLARMINE,-85.7077865082212,38.216987045063,NEWBURG @ BELLARMINE
1544110412254,CENTRAL,FLOYD,-85.7571178424595,38.2031267990526,CENTRAL @ FLOYD
1551609244138,CAMPBELL,MAIN,-85.7357739777715,38.2543605917677,CAMPBELL @ MAIN
1552804174213,BAXTER,MARKET,-85.7325559088266,38.2525957523572,BAXTER @ MARKET
1558799549997,I 64 WEST,I 64 RAMP,-85.7339267970288,38.262563869535,I 64 WEST @ I 64 RAMP
1561711146009,CHESTNUT,6TH,-85.761192019323,38.2493168920326,CHESTNUT @ 6TH
1562111142305,CHESTNUT,4TH,-85.75787724146,38.2489523296472,CHESTNUT @ 4TH
1567405404552,BISHOP,NEWBURG,-85.6859580814534,38.2008344278998,BISHOP @ NEWBURG
1573018355143,EASTERN,PRESTON,-85.7431151123234,38.2145988963356,EASTERN @ PRESTON
1577605054163,BERRY,MANSLICK,-85.7990731445227,38.1967511906579,BERRY @ MANSLICK
1581123232938,FRANKFORT,HILLCREST,-85.6842809387856,38.2545890729853,FRANKFORT @ HILLCREST
1604511004985,CHEROKEE,PATTERSON,-85.7176792382546,38.2381497074861,CHEROKEE @ PATTERSON
1638042135143,MARKET,PRESTON,-85.746103454278,38.2540711594498,MARKET @ PRESTON
1641132927011,JACKSON,MUHAMMAD ALI,-85.7448010062114,38.2497633370199,JACKSON @ MUHAMMAD ALI
1644607072625,BROOK,GRAY,-85.75148311846,38.2469298747813,BROOK @ GRAY
1644811135937,CHESTNUT,SHELBY,-85.7391317082625,38.2469201513984,CHESTNUT @ SHELBY
1656307242783,BROWNSBORO,HALDEMAN,-85.7104710082252,38.2595157102659,BROWNSBORO @ HALDEMAN
1665635324569,KENTUCKY,9TH,-85.7679059184632,38.2403917120252,KENTUCKY @ 9TH
1665935326009,KENTUCKY,6TH,-85.7628504254185,38.2398816938577,KENTUCKY @ 6TH
1669241396437,MAIN,3RD,-85.75487037815,38.256450346443,MAIN @ 3RD
1670641396008,MAIN,6TH,-85.7598387088948,38.2569875115217,MAIN @ 6TH
1672623053327,4TH,JEFFERSON,-85.7570188315477,38.2538433724363,4TH @ JEFFERSON
1672818853845,8TH,LIBERTY,-85.7638364522096,38.2534423752072,8TH @ LIBERTY
1676522544213,FLOYD,MARKET,-85.7481354093604,38.2542888533872,FLOYD @ MARKET
1677122543326,FLOYD,JEFFERSON,-85.748379349324,38.2529029274155,FLOYD @ JEFFERSON
1679542146566,MARKET,12TH,-85.7700107988734,38.2566931969309,MARKET @ 12TH
1686142146413,MARKET,10TH,-85.7667043469868,38.2563288578681,MARKET @ 10TH
1687211146207,CHESTNUT,ROY WILKINS,-85.7659874322943,38.2498497624555,CHESTNUT @ ROY WILKINS
1687311141885,CHESTNUT,8TH,-85.7644998759508,38.2496818796356,CHESTNUT @ 8TH
1715351296461,PORTLAND,33RD,-85.8009519393022,38.2749471305728,PORTLAND @ 33RD
1718603706445,BANK,38TH,-85.8106549251098,38.2719632110336,BANK @ 38TH
1724703846082,BARDSTOWN,SPEED,-85.7010620329747,38.2284548786912,BARDSTOWN @ SPEED
1741010262784,CECIL,HALE,-85.8216124229596,38.2414530985981,CECIL @ HALE
1758809341358,CANE RUN,CRUMS,-85.8373871618678,38.1993207370194,CANE RUN @ CRUMS
1761703076315,CRUMS,SHANKS,-85.842577830539,38.1953806417574,CRUMS @ SHANKS
1776925949998,GRADE,I 65 RAMP,-85.7205039090928,38.1778683268374,GRADE @ I 65 RAMP
620,FERN VALLEY,GEIL,-85.6797391860236,38.1574162835337,FERN VALLEY @ GEIL
1816505405123,BISHOP,POPLAR LEVEL,-85.6998736051861,38.1847163775069,BISHOP @ POPLAR LEVEL
1837300747290,ALLMOND,WOODLAWN,-85.7589937570316,38.1807898103782,ALLMOND @ WOODLAWN
1857442224553,MARRET,NEW CUT,-85.7812421264612,38.1698241548528,MARRET @ NEW CUT
1920948155144,OUTER,PRESTON,-85.6867336990896,38.1384268376544,OUTER @ PRESTON
1925144064815,MINOR,OUTER,-85.7134097012275,38.1365536716277,MINOR @ OUTER
1948248156440,OUTER,3RD STREET,-85.7947659140874,38.1275875633263,OUTER @ 3RD STREET
1969541655144,MANSLICK,PRESTON,-85.6772525659878,38.1180663771655,MANSLICK @ PRESTON
201544548E154,NEVADA,OLD PARK,-85.7525918147603,38.1828138718763,NEVADA @ OLD PARK
2027241634939,MANSLICK,PALATKA,-85.7910991489925,38.152862877387,MANSLICK @ PALATKA
2044151236313,POPLAR LEVEL,SANITA,-85.7060659327916,38.1926681425206,POPLAR LEVEL @ SANITA
2064831606701,INDUSTRIAL,ULRICH,-85.7080627326435,38.1570080730251,INDUSTRIAL @ ULRICH
2065321909998,FERN VALLEY,I 65 RAMP,-85.7168936260551,38.1575775522865,FERN VALLEY @ I 65 RAMP
206562190F275,FERN VALLEY,WORLDPORT,-85.725734176337,38.1576941537395,FERN VALLEY @ WORLDPORT
2091832354163,MANSLICK RD,MANSLICK BLVD,-85.8008236697088,38.1916751468051,MANSLICK RD @ MANSLICK BLVD
2101213424954,CRITTENDEN,PARK,-85.7509333597399,38.1922691031614,CRITTENDEN @ PARK
2106045354815,NATIONAL,OUTER,-85.7489666613477,38.1269612195284,NATIONAL @ OUTER
2114651445810,PRESTON,ST RITA,-85.6809502311533,38.1279173472898,PRESTON @ ST RITA
2135009343800,CANE RUN,LEES,-85.8552899387288,38.1838435897602,CANE RUN @ LEES
2161126216709,GRASTON,UPPER HUNTERS,-85.8353176739924,38.1682877681414,GRASTON @ UPPER HUNTERS
2169039696641,LOWER HUNTERS,TERRY,-85.865547920733,38.1648102203728,LOWER HUNTERS @ TERRY
2173616126527,DIXIE,TRENT,-85.8317386016343,38.1620600696279,DIXIE @ TRENT
2215166417130,TERRY,PAGES,-85.8742374770251,38.1310296399151,TERRY @ PAGES
2282009343355,CANE RUN,JOHNSONTOWN,-85.8949249167372,38.1164498806634,CANE RUN @ JOHNSONTOWN
2299601705780,ARNOLDTOWN,ST ANDREWS CHURCH,-85.8240888937396,38.1495453275036,ARNOLDTOWN @ ST ANDREWS CHURCH
2326305141612,BETHANY,DIXIE,-85.8738995520518,38.0956621414025,BETHANY @ DIXIE
2333116127059,DIXIE,WATSON,-85.8906319021238,38.0561824443344,DIXIE @ WATSON
2366116122455,DIXIE,GAGEL,-85.8215628374888,38.1758495809364,DIXIE @ GAGEL
2497913422594,CRITTENDEN,GRADE,-85.7338948874207,38.1532781461304,CRITTENDEN @ GRADE
9958821909126,FERN VALLEY,HURSTBOURNE,-85.6408362097731,38.1612182704668,FERN VALLEY @ HURSTBOURNE
995964815E722,OUTER,AIR COMMERCE,-85.7192655382844,38.1348202737714,OUTER @ AIR COMMERCE
2766291269997,HURSTBOURNE,I 64 RAMP,-85.5793002934636,38.2222477459958,HURSTBOURNE @ I 64 RAMP
2795599975529,I 64 RAMP,RIVER,-85.7527395657684,38.2587179604639,I 64 RAMP @ RIVER
2943536600656,EL CONQUISTADOR,BRECKENRIDGE,-85.6272965725605,38.2162160181925,EL CONQUISTADOR @ BRECKENRIDGE
295506438E928,3RD,CENTENNIAL,-85.7619057511749,38.2164678454188,3RD @ CENTENNIAL
532306561717,BRECKENRIDGE,DUTCHMANS,-85.6372675408522,38.2325802503314,BRECKENRIDGE @ DUTCHMANS
1557304170701,BAXTER,BROADWAY,-85.7270080529275,38.2437446652263,BAXTER @ BROADWAY
1568005402479,BISHOP,GARDINER,-85.6863168870529,38.1978745205221,BISHOP @ GARDINER
1574311585143,CLARKS,PRESTON,-85.7415419358793,38.2129773617607,CLARKS @ PRESTON
1580531035900,NOBEL,7TH STREET,-85.8020165604244,38.1956342887323,NOBEL @ 7TH STREET
1610103951006,BARRET,CASTLEWOOD,-85.7239981333838,38.2310107405591,BARRET @ CASTLEWOOD
1627706570707,BRECKINRIDGE,BROOK,-85.752495149677,38.2411814008475,BRECKINRIDGE @ BROOK
1638932923326,JACKSON,JEFFERSON,-85.7443280503459,38.2524625462434,JACKSON @ JEFFERSON
1640111673844,CLAY,LIBERTY,-85.7405317804616,38.2506792308281,CLAY @ LIBERTY
1642611131114,W CHESTNUT ST,S 1ST ST,-85.7529215310893,38.2484086603817,W CHESTNUT ST @ S 1ST ST
1644211132796,CHESTNUT,HANCOCK,-85.7431626022012,38.247358566532,CHESTNUT @ HANCOCK
1647807012796,BROADWAY,HANCOCK,-85.7435731662797,38.2449905812224,BROADWAY @ HANCOCK
1656723234326,FRANKFORT,MELLWOOD,-85.7194768971306,38.2577235338813,FRANKFORT @ MELLWOOD
1664706586009,BRECKINRIDGE,6TH,-85.7624187246243,38.2423528513893,BRECKINRIDGE @ 6TH
1671318854214,8TH,MARKET,-85.7633952452342,38.2559610269941,8TH @ MARKET
1672938456009,LIBERTY,6TH,-85.7604697061848,38.2534356720776,LIBERTY @ 6TH
1674301677012,ARMORY,MUHAMMAD ALI,-85.759898951869,38.251404383792,ARMORY @ MUHAMMAD ALI
1674422077012,5TH,MUHAMMAD ALI,-85.7591542015897,38.2513264690352,5TH @ MUHAMMAD ALI
1675922222223,N 1ST ST,W MAIN ST,-85.751565243776,38.256082130026,N 1ST ST @ W MAIN ST
1677407073844,BROOK,LIBERTY,-85.750632445851,38.2523624885168,BROOK @ LIBERTY
1678222547011,FLOYD,MUHAMMAD ALI,-85.7488525962614,38.2502038679326,FLOYD @ MUHAMMAD ALI
1679618994214,11TH,MARKET,-85.7683534464052,38.2565116934605,11TH @ MARKET
1680233276566,JEFFERSON,12TH,-85.7702519879709,38.255299360306,JEFFERSON @ 12TH
1683311146442,CHESTNUT,13TH,-85.7728039572795,38.2505996709189,CHESTNUT @ 13TH
1695300616448,ALGONQUIN,35TH,-85.8141982874022,38.2248847017351,ALGONQUIN @ 35TH
1695500610934,ALGONQUIN,CANE RUN,-85.8093252542255,38.2244078176939,ALGONQUIN @ CANE RUN
1713203706579,BANK,22ND,-85.7835622649377,38.2665655862692,BANK @ 22ND
1718364579995,37TH,I 264 RAMP,-85.807881367825,38.2721435576984,37TH @ I 264 RAMP
1733507027120,BROADWAY,SOUTHWESTERN,-85.8269704424247,38.2505375671875,BROADWAY @ SOUTHWESTERN
1819160527292,SOUTHERN,WOODLAWN,-85.7684422542563,38.1818232906104,SOUTHERN @ WOODLAWN
1823505722861,BLUEGRASS,HAZELWOOD,-85.7882712014078,38.1794246979122,BLUEGRASS @ HAZELWOOD
1835847905144,ORCHARD,PRESTON,-85.7145065121254,38.1763291937461,ORCHARD @ PRESTON
690,INDIAN,JEANINE,-85.6886608936403,38.1707193841957,INDIAN @ JEANINE
1858755566068,ROCHESTER,SOUTHSIDE,-85.7647354083295,38.1695525500024,ROCHESTER @ SOUTHSIDE
1875304925144,BENNETT,PRESTON,-85.7006332358214,38.1629761386829,BENNETT @ PRESTON
1886641634939,MANSLICK,PALATKA,-85.8019475651004,38.1554067429389,MANSLICK @ PALATKA
1906058178837,SAM,OLDE NANTUCKET,-85.7628307362963,38.1429884238841,SAM @ OLDE NANTUCKET
1915604108339,BATES,JEFFERSON,-85.6750032999359,38.1401382698127,BATES @ JEFFERSON
1922648158339,OUTER,JEFFERSON,-85.675149010052,38.138013379606,OUTER @ JEFFERSON
1933305775144,BLUE LICK,PRESTON,-85.6841706608802,38.1337742092645,BLUE LICK @ PRESTON
2019238044552,CHAMPIONS TRACE,NEWBURG,-85.6773875392606,38.1938113790593,CHAMPIONS TRACE @ NEWBURG
2060843796778,MILES,COOPER VILLAGE,-85.6792261116711,38.124364507465,MILES @ COOPER VILLAGE
2076145534965,NEW CUT,PARK,-85.7775834250228,38.1559241541999,NEW CUT @ PARK
2084633335161,JENNINGS,PRODUCE,-85.682217198936,38.1846911239703,JENNINGS @ PRODUCE
2089116122869,DIXIE,HEATON,-85.8160519234434,38.1809413121284,DIXIE @ HEATON
211374553D664,NEW CUT,OLD NEW CUT,-85.7753731472171,38.1176251225927,NEW CUT @ OLD NEW CUT
2240161796440,STONESTREET,3RD STREET,-85.8369916277358,38.1130119030453,STONESTREET @ 3RD STREET
2309416126901,DIXIE,VESPER,-85.8684675538461,38.1049101700676,DIXIE @ VESPER
2338516122252,DIXIE,FLOWERVALE,-85.8798391640319,38.0853901260685,DIXIE @ FLOWERVALE
240231612D789,DIXIE,GREENBELT RAMP,-85.8749888899468,38.093747227968,DIXIE @ GREENBELT RAMP
244589126D886,HURSTBOURNE,SHANE,-85.5936816094048,38.2133136936538,HURSTBOURNE @ SHANE
709,FEGENBUSH,BURNT PINE,-85.6399177000262,38.1717385225492,FEGENBUSH @ BURNT PINE
2785299966026,I 265 RAMP,SMYRNA,-85.6434457911128,38.1194371129029,I 265 RAMP @ SMYRNA
2785199966026,I 265 RAMP,SMYRNA,-85.6436305082034,38.1168803584561,I 265 RAMP @ SMYRNA
2775445534815,NEW CUT,OUTER,-85.7761258398438,38.1263939349099,NEW CUT @ OUTER
379827122930,GREEN MEADOWS,HIKES,-85.6584944368316,38.2000272592342,GREEN MEADOWS @ HIKES
714,BUECHEL BANK,COTTAGEMEADOW,-85.6490158034942,38.1779403609316,BUECHEL BANK @ COTTAGEMEADOW
1522424703838,GARDEN,LEXINGTON,-85.6806003831995,38.2486636754831,GARDEN @ LEXINGTON
1528016125394,DIXIE,RALPH,-85.7994711160014,38.2060321139831,DIXIE @ RALPH
1550943266095,MELLWOOD,SPRING,-85.7222400678667,38.2555031504356,MELLWOOD @ SPRING
1552509244213,CAMPBELL,MARKET,-85.7360233240382,38.2529720511369,CAMPBELL @ MARKET
1555207024569,BROADWAY,9TH,-85.7665143064303,38.2468741720136,BROADWAY @ 9TH
1561911142207,CHESTNUT,5TH,-85.759530926031,38.2491346275159,CHESTNUT @ 5TH
1565819942323,EWING,FRANKFORT,-85.6998822908334,38.2537546573506,EWING @ FRANKFORT
1576806470707,BRANDEIS,BROOK,-85.756670083058,38.2200570432543,BRANDEIS @ BROOK
1576906486438,BRANDEIS,3RD,-85.7614218332559,38.2192968362345,BRANDEIS @ 3RD
1604203842663,BARDSTOWN,GRINSTEAD,-85.720984977079,38.2384191155401,BARDSTOWN @ GRINSTEAD
1604604172663,BAXTER,GRINSTEAD,-85.7223694860418,38.2377933474065,BAXTER @ GRINSTEAD
1606703843932,BARDSTOWN,LONGEST,-85.7155149097654,38.23541420592,BARDSTOWN @ LONGEST
1611804171835,BAXTER,EASTERN,-85.715292841268,38.2289364438757,BAXTER @ EASTERN
1614322547266,FLOYD,WOODBINE,-85.7525323949326,38.2292623361608,FLOYD @ WOODBINE
1618707745937,BURNETT,SHELBY,-85.7422658396929,38.2247940023741,BURNETT @ SHELBY
1621906475143,BRANDEIS,PRESTON,-85.7479398258671,38.2197529715615,BRANDEIS @ PRESTON
1630606573921,BRECKINRIDGE,LOGAN,-85.7390289957239,38.2397654579147,BRECKINRIDGE @ LOGAN
1639127963326,HANCOCK,JEFFERSON,-85.7423122684396,38.2522449234747,HANCOCK @ JEFFERSON
1639211673326,CLAY,JEFFERSON,-85.7402937886246,38.2520224943536,CLAY @ JEFFERSON
1644511131167,CHESTNUT,CLAY,-85.7411459893329,38.2471357865594,CHESTNUT @ CLAY
1646607010702,W BROADWAY,S 1ST ST,-85.7533839416816,38.2457213902667,W BROADWAY @ S 1ST ST
1647007010707,BROADWAY,BROOK,-85.7517193871876,38.2455982791172,BROADWAY @ BROOK
1653907244326,BROWNSBORO,MELLWOOD,-85.7168732685735,38.260134430328,BROWNSBORO @ MELLWOOD
1665835325899,KENTUCKY,7TH,-85.7644621089627,38.2400420601039,KENTUCKY @ 7TH
1669055296437,RIVER,3RD,-85.7544876926878,38.2585311893549,RIVER @ 3RD
1670922074139,5TH,MAIN,-85.7581839973891,38.2568063448166,5TH @ MAIN
1671823054214,4TH,MARKET,-85.7567904597133,38.2552374424917,4TH @ MARKET
1672738455899,LIBERTY,7TH,-85.7621255415506,38.2536114698958,LIBERTY @ 7TH
1673223053845,4TH,LIBERTY,-85.7571557284034,38.2530765693912,4TH @ LIBERTY
1674018857012,8TH,MUHAMMAD ALI,-85.7641153464397,38.2518681757445,8TH @ MUHAMMAD ALI
1674723057012,4TH,MUHAMMAD ALI,-85.7574916691659,38.2511397307659,4TH @ MUHAMMAD ALI
1676922233326,1ST,JEFFERSON,-85.7520540465145,38.2532977197414,1ST @ JEFFERSON
1677007073326,BROOK,JEFFERSON,-85.7504029203978,38.2531163979596,BROOK @ JEFFERSON
1677858727012,2ND,MUHAMMAD ALI,-85.7542746237195,38.2507873709086,2ND @ MUHAMMAD ALI
1678107077011,BROOK,MUHAMMAD ALI,-85.7515576333132,38.2504919908082,BROOK @ MUHAMMAD ALI
1678841396565,MAIN,12TH,-85.7697681682625,38.2580812154326,MAIN @ 12TH
1682518997012,11TH,MUHAMMAD ALI,-85.7690727451083,38.2524143558986,11TH @ MUHAMMAD ALI
753,FERN VALLEY,JEANINE,-85.6885470134708,38.1578636108107,FERN VALLEY @ JEANINE
1811817155144,DURRETT,PRESTON,-85.7241927006401,38.1863382430675,DURRETT @ PRESTON
1827051449998,PRESTON,I 65 RAMP,-85.7172274614772,38.1789070658932,PRESTON @ I 65 RAMP
1836907116392,BROOKLINE,TAYLOR,-85.7825733919714,38.1750928191835,BROOKLINE @ TAYLOR
1841600525144,ALDER,PRESTON,-85.712739921356,38.1746708677713,ALDER @ PRESTON
758,INDIAN,POPLAR LEVEL,-85.6849316990223,38.17158347747,INDIAN @ POPLAR LEVEL
1863331676438,INVERNESS,3RD,-85.7687348522254,38.1674091911329,INVERNESS @ 3RD
1878441634328,MANSLICK,MELODY,-85.797947939551,38.1604851505418,MANSLICK @ MELODY
1899545536440,NEW CUT,3RD STREET,-85.7752624604412,38.1458222590143,NEW CUT @ 3RD STREET
1926144064815,MINOR,OUTER,-85.697122498963,38.1361954946134,MINOR @ OUTER
1976421114535,FAIRDALE,NATIONAL,-85.7477348792727,38.1125790028848,FAIRDALE @ NATIONAL
2006109646392,CARLISLE,TAYLOR,-85.7831061748086,38.1941710094847,CARLISLE @ TAYLOR
2027407304939,BRUCE,PALATKA,-85.7845870067457,38.1519390079539,BRUCE @ PALATKA
2067821902594,FERN VALLEY,GRADE,-85.7319095416391,38.1571697842908,FERN VALLEY @ GRADE
2078045356068,NATIONAL,SOUTHSIDE,-85.7656264978163,38.1525361150164,NATIONAL @ SOUTHSIDE
2079749396068,PALATKA,SOUTHSIDE,-85.7717546991732,38.1487486352877,PALATKA @ SOUTHSIDE
2100313423034,CRITTENDEN,HURON,-85.7509109335445,38.1940268624609,CRITTENDEN @ HURON
2182216123969,DIXIE,LOWER HUNTERS,-85.8345669873011,38.1561302304832,DIXIE @ LOWER HUNTERS
2226116123355,DIXIE,JOHNSONTOWN,-85.8556941135605,38.1212128387791,DIXIE @ JOHNSONTOWN
2239111471612,CITATION,DIXIE,-85.8625182396383,38.1132928718707,CITATION @ DIXIE
2295205511612,BLANTON,DIXIE,-85.8340021799741,38.1573664174612,BLANTON @ DIXIE
2298216125808,DIXIE,ST PAULS CHURCH,-85.8369317712681,38.1506123715058,DIXIE @ ST PAULS CHURCH
2302505515780,BLANTON,ST ANDREWS CHURCH,-85.8194032200223,38.1518190083912,BLANTON @ ST ANDREWS CHURCH
2317316125018,DIXIE,PENDLETON,-85.8865674044476,38.0623033376878,DIXIE @ PENDLETON
2369016125560,DIXIE,ROCKFORD,-85.8233288395305,38.1743373014829,DIXIE @ ROCKFORD
995464719E701,OAK,9TH STREET RAMP,-85.7678366763655,38.2357241905174,OAK @ 9TH STREET RAMP
27931E9179125,PORTER,HURSTBOURNE,-85.5797992716728,38.2560321290784,PORTER @ HURSTBOURNE
28185E9857435,LOUIS COLEMAN JR,YOUNG,-85.8118342323617,38.2302843770457,LOUIS COLEMAN JR @ YOUNG
781,PROGRESS,BUECHEL BANK,-85.6515522150405,38.1781051261895,PROGRESS @ BUECHEL BANK
1515703954718,BARRET,OAK,-85.7276569854752,38.235737845784,BARRET @ OAK
1524400893838,ALTA VISTA,LEXINGTON,-85.68790093791,38.2453764179022,ALTA VISTA @ LEXINGTON
1542316127057,DIXIE,WATHEN,-85.7952666098518,38.2164695178028,DIXIE @ WATHEN
1544510416392,CENTRAL,TAYLOR,-85.7761945356168,38.2063366541304,CENTRAL @ TAYLOR
1545210412305,CENTRAL,4TH,-85.7655685340343,38.205159724976,CENTRAL @ 4TH
1553404171113,BAXTER,CHESTNUT,-85.7329419211339,38.2512029949243,BAXTER @ CHESTNUT
1553804173844,BAXTER,LIBERTY,-85.7317104926643,38.2497806431558,BAXTER @ LIBERTY
1555507025899,BROADWAY,7TH,-85.7633792216722,38.2464488529463,BROADWAY @ 7TH
1556007022305,BROADWAY,4TH,-85.7583845237219,38.2460867161714,BROADWAY @ 4TH
1568850515144,PHILLIPS,PRESTON,-85.7316132130084,38.197660260452,PHILLIPS @ PRESTON
1587203841665,BARDSTOWN,DOUGLASS,-85.693947774154,38.2245780367361,BARDSTOWN @ DOUGLASS
1617807742933,BURNETT,HILL,-85.7508968445595,38.2259746746852,BURNETT @ HILL
1628306572254,BRECKINRIDGE,FLOYD,-85.7504709814239,38.2409654034291,BRECKINRIDGE @ FLOYD
1629106573292,BRECKINRIDGE,JACKSON,-85.7463969463564,38.2405307150882,BRECKINRIDGE @ JACKSON
1633922543531,FLOYD,KENTUCKY,-85.7509939007007,38.2380025546322,FLOYD @ KENTUCKY
1634335315143,KENTUCKY,PRESTON,-85.7488354075666,38.2377692036129,KENTUCKY @ PRESTON
1636303955781,BARRET,ST ANTHONY,-85.732439444727,38.2418785193338,BARRET @ ST ANTHONY
1639732923844,JACKSON,LIBERTY,-85.7445699001732,38.2511199108463,JACKSON @ LIBERTY
1639927963844,HANCOCK,LIBERTY,-85.7425501955323,38.2509002864775,HANCOCK @ LIBERTY
1648007015937,BROADWAY,SHELBY,-85.7395146769482,38.24468590423,BROADWAY @ SHELBY
1657223235117,FRANKFORT,POPE,-85.7166628004897,38.2568060913674,FRANKFORT @ POPE
1664906582207,BRECKINRIDGE,5TH,-85.7605904164878,38.2420553582947,BRECKINRIDGE @ 5TH
1669433276438,JEFFERSON,3RD,-85.7553759519779,38.2536621000608,JEFFERSON @ 3RD
1670418844139,8TH,MAIN,-85.7631551530405,38.2573512287977,8TH @ MAIN
1670541395898,MAIN,7TH,-85.7614924974142,38.2571657488114,MAIN @ 7TH
1671622074214,5TH,MARKET,-85.7584285033636,38.2554145525189,5TH @ MARKET
1672218853327,8TH,JEFFERSON,-85.7636335908327,38.2545710186552,8TH @ JEFFERSON
1676407074213,BROOK,MARKET,-85.7501508620962,38.2545079256253,BROOK @ MARKET
1688142146207,MARKET,ROY WILKINS,-85.7650343063766,38.2561435243598,MARKET @ ROY WILKINS
1688333276207,JEFFERSON,ROY WILKINS,-85.7651241953695,38.2547342396409,JEFFERSON @ ROY WILKINS
1697810117212,CATALPA,WILSON,-85.8023680847473,38.2316037610824,CATALPA @ WILSON
1718203706447,BANK,35TH,-85.8043247708321,38.2724034338948,BANK @ 35TH
1738810262651,CECIL,GREENWOOD,-85.8211122612106,38.2441892436625,CECIL @ GREENWOOD
1775160516052,SOUTHERN HEIGHTS,SOUTHERN,-85.7667094785143,38.1892431589077,SOUTHERN HEIGHTS @ SOUTHERN
1780160527175,SOUTHERN,WHITNEY,-85.76678200109,38.1939484203144,SOUTHERN @ WHITNEY
1804213429995,CRITTENDEN,I 264 RAMP,-85.7507207266029,38.1886702091766,CRITTENDEN @ I 264 RAMP
1818825275123,GILMORE,POPLAR LEVEL,-85.698306021098,38.1827267088912,GILMORE @ POPLAR LEVEL
1824505722766,BLUEGRASS,HOBART,-85.7988541644191,38.1789431922217,BLUEGRASS @ HOBART
1853360576438,SOUTHLAND,3RD,-85.7680049840775,38.1714845851568,SOUTHLAND @ 3RD
1854560576068,SOUTHLAND,SOUTHSIDE,-85.7647199101029,38.1711457926272,SOUTHLAND @ SOUTHSIDE
1862231495144,INDIAN,PRESTON,-85.7065817155142,38.1687640555731,INDIAN @ PRESTON
1915345354696,NATIONAL,PATRICK HENRY,-85.7538139632808,38.139271631228,NATIONAL @ PATRICK HENRY
1943725944815,GRADE,OUTER,-85.7371124399381,38.1299521486613,GRADE @ OUTER
1984051449996,PRESTON,I 265 RAMP,-85.6745217710657,38.10869278644,PRESTON @ I 265 RAMP
2008763929995,TAYLOR,I 264 RAMP,-85.7834315238713,38.1895509351831,TAYLOR @ I 264 RAMP
2015313424548,CRITTENDEN,NEVADA,-85.7503526766883,38.1831879582788,CRITTENDEN @ NEVADA
2053213824815,CANDLEWORTH,OUTER,-85.7819466845038,38.126663122155,CANDLEWORTH @ OUTER
206552594F275,GRADE,WORLDPORT,-85.725139777351,38.1588550498996,GRADE @ WORLDPORT
2092849655900,PARK,7TH STREET,-85.8053282506889,38.193618878733,PARK @ 7TH STREET
2111325564535,GLENGARRY,NATIONAL,-85.7484753594621,38.1236385968603,GLENGARRY @ NATIONAL
2180739696709,LOWER HUNTERS,UPPER HUNTERS,-85.8476904566373,38.1578358620362,LOWER HUNTERS @ UPPER HUNTERS
2294626535780,GREENWOOD,ST ANDREWS CHURCH,-85.8395884930818,38.1434911020982,GREENWOOD @ ST ANDREWS CHURCH
2310201870396,ASHBY,BARRETT,-85.8696549926643,38.1029709028575,ASHBY @ BARRETT
2350426536012,GREENWOOD,SKY BLUE,-85.8519960646138,38.1440347890491,GREENWOOD @ SKY BLUE
275218324E664,GREENBELT,RAGGARD,-85.8712449709051,38.1746068349223,GREENBELT @ RAGGARD
28192E9856282,LOUIS COLEMAN JR,SOUTHERN,-85.8115258423038,38.2323582624632,LOUIS COLEMAN JR @ SOUTHERN
31628954763,WOODED FALLS,OLD SHELBYVILLE,-85.5232785460581,38.2448226343766,WOODED FALLS @ OLD SHELBYVILLE
1062D572D638,WYNMEADE,WINCHESTER ACRES,-85.5250490665711,38.2880376487381,WYNMEADE @ WINCHESTER ACRES
1512803950657,BARRET,BRECKINRIDGE,-85.7311981915335,38.2402861023121,BARRET @ BRECKINRIDGE
1518218354591,EASTERN,NORRIS,-85.7115837138719,38.2307598286043,EASTERN @ NORRIS
1520111852323,CLIFTON,FRANKFORT,-85.7061337902667,38.2536157784161,CLIFTON @ FRANKFORT
1541351236391,POPLAR LEVEL,TAYLOR,-85.7080402776065,38.199235323138,POPLAR LEVEL @ TAYLOR
1553209243326,CAMPBELL,JEFFERSON,-85.7362656900778,38.251583255182,CAMPBELL @ JEFFERSON
1554907026413,BROADWAY,10TH,-85.7683267219946,38.2471123868248,BROADWAY @ 10TH
1555441285899,MAGAZINE,7TH,-85.7630776115559,38.2481968448912,MAGAZINE @ 7TH
1556307025872,BROADWAY,2ND,-85.7550519834368,38.2458444362537,BROADWAY @ 2ND
1574506371835,BRADLEY,EASTERN,-85.7470787672138,38.2124722103827,BRADLEY @ EASTERN
1576533446438,CARDINAL,3RD,-85.76118180063,38.2205603624917,CARDINAL @ 3RD
1576633445872,CARDINAL,2ND,-85.7597905443541,38.2204111775829,CARDINAL @ 2ND
1580316124965,DIXIE,PARK,-85.8064559050331,38.1945188253053,DIXIE @ PARK
1606011003932,CHEROKEE,LONGEST,-85.7140836106097,38.2361808869748,CHEROKEE @ LONGEST
1628806575143,BRECKINRIDGE,PRESTON,-85.7483254843401,38.2407334197885,BRECKINRIDGE @ PRESTON
1633507073531,BROOK,KENTUCKY,-85.7530132297299,38.2382199774869,BROOK @ KENTUCKY
1638411674213,CLAY,MARKET,-85.7400527897801,38.2534105955312,CLAY @ MARKET
1638733265143,JEFFERSON,PRESTON,-85.7463421883186,38.2526842784203,JEFFERSON @ PRESTON
1641511677011,CLAY,MUHAMMAD ALI,-85.7407669479042,38.24932604699,CLAY @ MUHAMMAD ALI
1642326735872,GUTHRIE,2ND,-85.7544469869669,38.2497042024296,GUTHRIE @ 2ND
1643811133292,CHESTNUT,JACKSON,-85.74518012611,38.2475826733586,CHESTNUT @ JACKSON
1645209241113,CAMPBELL,CHESTNUT,-85.7371089997912,38.2466958314874,CAMPBELL @ CHESTNUT
1647607013292,BROADWAY,JACKSON,-85.7456009093798,38.2451433153416,BROADWAY @ JACKSON
1659704702323,BELLAIRE,FRANKFORT,-85.7102744533241,38.2547427808335,BELLAIRE @ FRANKFORT
1669723045529,4TH,RIVER,-85.7562452961773,38.2586967493374,4TH @ RIVER
1671542146009,MARKET,6TH,-85.7600848962286,38.25559432046,MARKET @ 6TH
1672333275899,JEFFERSON,7TH,-85.761981033256,38.2543866170473,JEFFERSON @ 7TH
1672433276009,JEFFERSON,6TH,-85.760325965402,38.2542066874842,JEFFERSON @ 6TH
1676322234213,1ST,MARKET,-85.7518089796182,38.2546889897957,1ST @ MARKET
1677322233844,1ST,LIBERTY,-85.7522005840999,38.2525314857257,1ST @ LIBERTY
1683511141899,CHESTNUT,11TH,-85.7694597431906,38.2502281812263,CHESTNUT @ 11TH
1708451296583,PORTLAND,26TH,-85.7903740791487,38.2712175947703,PORTLAND @ 26TH
1734207021026,BROADWAY,CECIL,-85.8213708993251,38.2503492157856,BROADWAY @ CECIL
1736610262482,CECIL,GARLAND,-85.8208657961424,38.2469025765586,CECIL @ GARLAND
1779964387175,3RD,WHITNEY,-85.7649629181214,38.1939734229205,3RD @ WHITNEY
1793022506052,FLORENCE,SOUTHERN,-85.7667270286058,38.1911473425909,FLORENCE @ SOUTHERN
1798616122488,DIXIE,GARRS,-85.8099819127408,38.1894041779008,DIXIE @ GARRS
1799513584163,CRUMS,MANSLICK,-85.801232926941,38.1892261732276,CRUMS @ MANSLICK
1801260516438,SOUTHERN HEIGHTS,3RD,-85.7648814947348,38.1891693660976,SOUTHERN HEIGHTS @ 3RD
1824225945144,GRADE,PRESTON,-85.7184609825157,38.1800975486793,GRADE @ PRESTON
182435123D568,POPLAR LEVEL,POPLAR PLACE,-85.6941992272307,38.1803955727297,POPLAR LEVEL @ POPLAR PLACE
880,POPLAR LEVEL,PRODUCE,-85.691935954013,38.1791903630664,POPLAR LEVEL @ PRODUCE
1831164386602,3RD,TENNY,-85.7670535183585,38.1769250466879,3RD @ TENNY
882,POPLAR LEVEL,RANGELAND,-85.6817420064699,38.1672777552962,POPLAR LEVEL @ RANGELAND
1878522725144,FOREST,PRESTON,-85.6992487979043,38.1608787429751,FOREST @ PRESTON
196184553E918,NEW CUT,KY-841 RAMP,-85.7769894867965,38.1216755209753,NEW CUT @ KY-841 RAMP
2013864387102,3RD,WELLINGTON,-85.7658114145443,38.1839160252307,3RD @ WELLINGTON
2036919554535,ENTERPRISE,NATIONAL,-85.7594380482144,38.1473709694072,ENTERPRISE @ NATIONAL
2042604044552,BASHFORD MANOR,NEWBURG,-85.6791630661569,38.1953458583053,BASHFORD MANOR @ NEWBURG
2101313429995,CRITTENDEN,I 264 RAMP,-85.7508923927152,38.1914016414994,CRITTENDEN @ I 264 RAMP
2219120128324,TRADE PORT,GREENBELT,-85.8931213693837,38.1254473596045,TRADE PORT @ GREENBELT
2230561798401,STONESTREET,VALLEY COLLEGE,-85.8444058940827,38.1180099375917,STONESTREET @ VALLEY COLLEGE
2247064406826,3RD STREET,VALLEY STATION,-85.8415069040956,38.1072977630214,3RD STREET @ VALLEY STATION
2309216126826,DIXIE,VALLEY STATION,-85.8667212432688,38.1076533287423,DIXIE @ VALLEY STATION
2310816111612,DIXIE GARDEN,DIXIE,-85.8719263203064,38.0990503208774,DIXIE GARDEN @ DIXIE
2365526215560,GRASTON,ROCKFORD,-85.8349460727896,38.1760168170351,GRASTON @ ROCKFORD
2422642808339,MCCAWLEY,JEFFERSON,-85.6747312096934,38.1438005647582,MCCAWLEY @ JEFFERSON
2943159508963,SHERBURN,BOWLING,-85.6283962205637,38.2451770000963,SHERBURN @ BOWLING
173810539996,CHAMBERLAIN,I 265 RAMP,-85.5405188678222,38.2954434230156,CHAMBERLAIN @ I 265 RAMP
376403844951,BARDSTOWN,PARIS,-85.6633791046314,38.2011732745334,BARDSTOWN @ PARIS
1506413741698,CYPRESS,DUMESNIL,-85.797744784683,38.2365329590586,CYPRESS @ DUMESNIL
1515203953531,BARRET,KENTUCKY,-85.7282673741924,38.2365162665151,BARRET @ KENTUCKY
1528805056392,BERRY,TAYLOR,-85.7829607265772,38.196267267542,BERRY @ TAYLOR
1552033513352,E MAIN ST,S JOHNSON ST,-85.7312820303935,38.2538742118841,E MAIN ST @ S JOHNSON ST
1553333267101,JEFFERSON,WENZEL,-85.7342473208229,38.2513643252194,JEFFERSON @ WENZEL
1555607026009,BROADWAY,6TH,-85.7617219163214,38.2463309016841,BROADWAY @ 6TH
1555807022207,BROADWAY,5TH,-85.7600512517023,38.2462085029674,BROADWAY @ 5TH
1556107026438,BROADWAY,3RD,-85.7567208512497,38.2459650378868,BROADWAY @ 3RD
1556204174996,BAXTER,PAYNE,-85.7289625044851,38.2462446939883,BAXTER @ PAYNE
1558511146438,CHESTNUT,3RD,-85.7562270611137,38.2487706498669,CHESTNUT @ 3RD
1561611145899,CHESTNUT,7TH,-85.7628448697425,38.2495000980494,CHESTNUT @ 7TH
1579316123103,DIXIE,NOBEL,-85.8047154776193,38.1971030545058,DIXIE @ NOBEL
1593604232323,BAYLY,FRANKFORT,-85.6929954371634,38.2546525207479,BAYLY @ FRANKFORT
1601310992663,CHEROKEE,GRINSTEAD,-85.7052780131753,38.2433242037739,CHEROKEE @ GRINSTEAD
1615622544129,FLOYD,MAGNOLIA,-85.7527142826632,38.2282299319199,FLOYD @ MAGNOLIA
1618622542933,FLOYD,HILL,-85.7533209091857,38.2248626146733,FLOYD @ HILL
1634532923531,JACKSON,KENTUCKY,-85.7469074236173,38.2375687325887,JACKSON @ KENTUCKY
1635011673531,CLAY,KENTUCKY,-85.7428684033453,38.2371542442672,CLAY @ KENTUCKY
1639433265937,JEFFERSON,SHELBY,-85.7382863286053,38.2518060728307,JEFFERSON @ SHELBY
1640338445937,LIBERTY,SHELBY,-85.7385186355886,38.2504597931911,LIBERTY @ SHELBY
1643611135143,CHESTNUT,PRESTON,-85.747197500557,38.2477986799431,CHESTNUT @ PRESTON
1647507015143,BROADWAY,PRESTON,-85.7475898264139,38.2452915344732,BROADWAY @ PRESTON
1647907011167,BROADWAY,CLAY,-85.7415415255832,38.2448383767288,BROADWAY @ CLAY
1648503950701,BARRET,BROADWAY,-85.7339639246475,38.2442701215414,BARRET @ BROADWAY
1665718853532,8TH,KENTUCKY,-85.7661622802901,38.2402081281336,8TH @ KENTUCKY
1673001673845,ARMORY,LIBERTY,-85.759564727711,38.2533370059601,ARMORY @ LIBERTY
1674260097012,6TH,MUHAMMAD ALI,-85.7608061007005,38.2515038772012,6TH @ MUHAMMAD ALI
1677238455872,LIBERTY,2ND,-85.7539258032954,38.2527140833892,LIBERTY @ 2ND
1678022237011,1ST,MUHAMMAD ALI,-85.752528033464,38.2505988058887,1ST @ MUHAMMAD ALI
1678586188619,BINGHAM,WITHERSPOON,-85.7503955151388,38.2576467150388,BINGHAM @ WITHERSPOON
1679442146442,MARKET,13TH,-85.7716655416404,38.2568741960435,MARKET @ 13TH
1680033276442,JEFFERSON,13TH,-85.7719450331877,38.2554815730103,JEFFERSON @ 13TH
1687841394568,MAIN,9TH,-85.7648035251488,38.2575403068728,MAIN @ 9TH
1688662077012,ROY WILKINS,MUHAMMAD ALI,-85.7656029384903,38.2520354627589,ROY WILKINS @ MUHAMMAD ALI
1747509345394,CANE RUN,RALPH,-85.8254916864101,38.2083596476634,CANE RUN @ RALPH
1767709349995,CANE RUN,I 264 RAMP,-85.8268755669023,38.2072903681798,CANE RUN @ I 264 RAMP
1767909349995,CANE RUN,I 264 RAMP,-85.8286285738975,38.2059708757052,CANE RUN @ I 264 RAMP
177554553E918,NEW CUT,KY-841 RAMP,-85.7772065479697,38.1193462072539,NEW CUT @ KY-841 RAMP
938,FERN VALLEY,PRESTON,-85.6969658815833,38.1568493976473,FERN VALLEY @ PRESTON
1819901254163,ANNA,MANSLICK,-85.7991984734601,38.1812631197405,ANNA @ MANSLICK
940,PRESTON,VINEWOOD,-85.7041317384413,38.1664561721513,PRESTON @ VINEWOOD
1895547265144,OAKLAWN,PRESTON,-85.6924803386361,38.1488069117624,OAKLAWN @ PRESTON
1926948156797,OUTER,LAUREL RIDGE,-85.6737502311015,38.1379442994898,OUTER @ LAUREL RIDGE
1943248159998,OUTER,I 65 RAMP,-85.7023003366113,38.136723331654,OUTER @ I 65 RAMP
2014564387292,3RD,WOODLAWN,-85.766223751997,38.1815760423274,3RD @ WOODLAWN
211074535E918,NATIONAL,KY-841 RAMP,-85.748165237552,38.1192782096578,NATIONAL @ KY-841 RAMP
2224333556641,JOHNSONTOWN,TERRY,-85.8747405272069,38.1217364927443,JOHNSONTOWN @ TERRY
2292116127255,DIXIE,WITTEN,-85.8532142163843,38.1241899920172,DIXIE @ WITTEN
2302909346641,CANE RUN,TERRY,-85.8619478472374,38.1781242929359,CANE RUN @ TERRY
231481612D469,DIXIE,LANDSTAR,-85.8852735972213,38.0657528039355,DIXIE @ LANDSTAR
2350126536641,GREENWOOD,TERRY,-85.8718716054075,38.1447265525084,GREENWOOD @ TERRY
2368208340934,BRIDWELL,CANE RUN,-85.8593720034909,38.1798989115798,BRIDWELL @ CANE RUN
2470010416438,CENTRAL,3RD,-85.7639503327732,38.2047539201787,CENTRAL @ 3RD
953,FERN VALLEY,JEFFERSON,-85.6715093288161,38.1569486340182,FERN VALLEY @ JEFFERSON
825251238363,POPLAR LEVEL,FERN VALLEY,-85.6486448216432,38.1584558324897,POPLAR LEVEL @ FERN VALLEY
1542951239995,POPLAR LEVEL,I 264 RAMP,-85.70762098834,38.1955300507042,POPLAR LEVEL @ I 264 RAMP
1551741387100,MAIN,WENZEL,-85.7337586040723,38.2541428158882,MAIN @ WENZEL
1552642135937,MARKET,SHELBY,-85.738037359291,38.2531894613979,MARKET @ SHELBY
1560211661167,E MAIN ST,S CLAY ST,-85.7398112901488,38.2547959559131,E MAIN ST @ S CLAY ST
1562507241993,BROWNSBORO,EWING,-85.7016582339208,38.2583135023084,BROWNSBORO @ EWING
1566925854552,GOLDSMITH,NEWBURG,-85.6849169669158,38.2000981752867,GOLDSMITH @ NEWBURG
1603711002663,CHEROKEE,GRINSTEAD,-85.7195493135919,38.2391855750169,CHEROKEE @ GRINSTEAD
1635135315937,KENTUCKY,SHELBY,-85.7408506545821,38.2369470970938,KENTUCKY @ SHELBY
1638132924213,JACKSON,MARKET,-85.7440877081331,38.2538365731174,JACKSON @ MARKET
1638227964213,HANCOCK,MARKET,-85.7420656387223,38.2536325862591,HANCOCK @ MARKET
1640509243844,CAMPBELL,LIBERTY,-85.7365050113916,38.2502375773097,CAMPBELL @ LIBERTY
1640851437011,PRESTON,MUHAMMAD ALI,-85.7468159269977,38.249984360106,PRESTON @ MUHAMMAD ALI
1641038447101,LIBERTY,WENZEL,-85.734485380235,38.2500190146863,LIBERTY @ WENZEL
1641327967011,HANCOCK,MUHAMMAD ALI,-85.7427887407331,38.249543790217,HANCOCK @ MUHAMMAD ALI
1642411145872,CHESTNUT,2ND,-85.7545707871958,38.2485885962585,CHESTNUT @ 2ND
1643311132254,CHESTNUT,FLOYD,-85.749236182185,38.2480133484121,CHESTNUT @ FLOYD
1645511138536,CHESTNUT,CHESTNUT STREET CONNECTOR,-85.7359988486622,38.2465787242916,CHESTNUT @ CHESTNUT STREET CONNECTOR
1648207010924,BROADWAY,CAMPBELL,-85.7374845029317,38.2445406482305,BROADWAY @ CAMPBELL
1650341385142,MAIN,PRESTON,-85.7458716600606,38.2554491864454,MAIN @ PRESTON
1655123236183,FRANKFORT,STORY,-85.7214702478805,38.2588503626407,FRANKFORT @ STORY
1657823236139,FRANKFORT,STATE,-85.715517633748,38.2564325434087,FRANKFORT @ STATE
1662622042934,15TH,HILL,-85.7801300681897,38.227963276493,15TH @ HILL
1668147195899,OAK,7TH,-85.7650947443548,38.2354597585715,OAK @ 7TH
1668247196009,OAK,6TH,-85.763651304534,38.2353269132304,OAK @ 6TH
1672522073327,5TH,JEFFERSON,-85.7586765246842,38.2540247737531,5TH @ JEFFERSON
1673122073845,5TH,LIBERTY,-85.7588093802853,38.2532528713145,5TH @ LIBERTY
1676007060707,E MAIN ST,N BROOK ST,-85.7499131256242,38.2558977236654,E MAIN ST @ N BROOK ST
1682064427012,13TH,MUHAMMAD ALI,-85.7724209066339,38.2527825450882,13TH @ MUHAMMAD ALI
1682265667012,12TH,MUHAMMAD ALI,-85.7707322251601,38.2525978801313,12TH @ MUHAMMAD ALI
1685718854128,8TH,MAGAZINE,-85.764732103338,38.2483762264182,8TH @ MAGAZINE
1710903706583,BANK,26TH,-85.7909772685379,38.2693333440292,BANK @ 26TH
1768109343588,CANE RUN,KRAMERS,-85.8350031338293,38.2011351410301,CANE RUN @ KRAMERS
1769109342147,CANE RUN,FARNSLEY,-85.8330356140248,38.202622428262,CANE RUN @ FARNSLEY
1791551449995,PRESTON,I 264 RAMP,-85.7277830519999,38.1918496905059,PRESTON @ I 264 RAMP
1792722506438,FLORENCE,3RD,-85.7648969452638,38.1911838169354,FLORENCE @ 3RD
1959101706440,ARNOLDTOWN,3RD STREET,-85.8036031698082,38.1212170398541,ARNOLDTOWN @ 3RD STREET
197234535E918,NATIONAL,KY-841 RAMP,-85.7479769633904,38.1166977252292,NATIONAL @ KY-841 RAMP
1979651449996,PRESTON,I 265 RAMP,-85.6754364165141,38.1118453789544,PRESTON @ I 265 RAMP
2011105256392,BICKNELL,TAYLOR,-85.7837655176979,38.1831162254236,BICKNELL @ TAYLOR
2064121909998,FERN VALLEY,I 65 RAMP,-85.7220614203727,38.1579863649024,FERN VALLEY @ I 65 RAMP
2068101842594,ASHBOTTOM,GRADE,-85.7312898285816,38.1584427954363,ASHBOTTOM @ GRADE
2078845534939,NEW CUT,PALATKA,-85.7763567439422,38.1507989386615,NEW CUT @ PALATKA
2160816126709,DIXIE,UPPER HUNTERS,-85.828483621721,38.1685515779809,DIXIE @ UPPER HUNTERS
2172916124353,DIXIE,MEYERS,-85.8303099157447,38.1649262797445,DIXIE @ MEYERS
2180839696012,LOWER HUNTERS,SKY BLUE,-85.8493385319134,38.1586366075855,LOWER HUNTERS @ SKY BLUE
2186326538324,GREENWOOD,GREENBELT,-85.8864171333817,38.1469475348357,GREENWOOD @ GREENBELT
2259639708324,LOWER RIVER,GREENBELT,-85.8920294734554,38.0982128180782,LOWER RIVER @ GREENBELT
1002,POPLAR LEVEL,JEFFERSON,-85.6713367722744,38.1601097778968,POPLAR LEVEL @ JEFFERSON
290362305D964,4TH,UNITY,-85.7635492641349,38.2166736908784,4TH @ UNITY
1391507742914,BURNETT,HICKORY,-85.7389989104239,38.2227124250573,BURNETT @ HICKORY
1876861456193,STEEDLY,STRAWBERRY,-85.7598344417681,38.1616283183266,STEEDLY @ STRAWBERRY
1558004173017,BAXTER,HULL,-85.7292745489718,38.2466472033004,BAXTER @ HULL
1382703845154,BARDSTOWN,PRINCETON,-85.695511801383,38.225290990082,BARDSTOWN @ PRINCETON
1644922542625,FLOYD,GRAY,-85.7494648291255,38.2467110360756,FLOYD @ GRAY
271840939985,LEPANTO,MADISON,-85.5410530553441,38.2486863850894,LEPANTO @ MADISON
2249901878324,ASHBY,GREENBELT,-85.8943464250364,38.1107512639907,ASHBY @ GREENBELT
440927742901,LYNDON,HERR,-85.6100549715624,38.2652914963466,LYNDON @ HERR
1296907026450,BROADWAY,31ST,-85.8036826009903,38.249741180851,BROADWAY @ 31ST
1364919155805,ELLISON,ST MICHAEL,-85.7327657823192,38.2296755317455,ELLISON @ ST MICHAEL
1725503845500,BARDSTOWN,RICHMOND,-85.6987420246372,38.226968375797,BARDSTOWN @ RICHMOND
1550508986183,CABEL,STORY,-85.7280848362439,38.2559532843831,CABEL @ STORY
1673510316009,CEDAR,6TH,-85.7605935753549,38.2527304178895,CEDAR @ 6TH
2072764387586,3RD,KENWOOD,-85.7723389487209,38.161327740807,3RD @ KENWOOD
587547548212,OLD HARRODS CREEK,WILLOW STONE,-85.5434996781177,38.2492196086532,OLD HARRODS CREEK @ WILLOW STONE
940721634585,FEGENBUSH,NORLYNN,-85.6277379833176,38.145037077215,FEGENBUSH @ NORLYNN
1623322543295,FLOYD,JACOB,-85.7505670006143,38.2447662243028,FLOYD @ JACOB
1517803846156,BARDSTOWN,STEVENS,-85.7067289308915,38.2313120805494,BARDSTOWN @ STEVENS
1353347186246,OAK,SWAN,-85.7372940334399,38.2329219909094,OAK @ SWAN
1672113012207,COURT,5TH,-85.7585485259116,38.2547164534353,COURT @ 5TH
400067127413,U S HIGHWAY 42,WOODSTONE,-85.6272272742086,38.3084225725045,U S HIGHWAY 42 @ WOODSTONE
2197483249899,GREENBELT,GLOBAL,-85.887521162262,38.1395638276929,GREENBELT @ GLOBAL
2085331493333,INDIAN,JENNINGS,-85.6766737569319,38.1783673252048,INDIAN @ JENNINGS
1733307029384,BROADWAY,SHAWNEE PARK ENTRANCE,-85.8293072664296,38.2506130142883,BROADWAY @ SHAWNEE PARK ENTRANCE
1312806581612,BRECKINRIDGE,DIXIE,-85.7836584630904,38.2450646119875,BRECKINRIDGE @ DIXIE
1641822543401,FLOYD,ABRAHAM FLEXNER,-85.7490442754536,38.2491135018625,FLOYD @ ABRAHAM FLEXNER
1362603840605,BARDSTOWN,BONNYCASTLE,-85.7042380194099,38.2304928088053,BARDSTOWN @ BONNYCASTLE
1725203845542,BARDSTOWN,ROANOKE,-85.7001317741198,38.2278545147864,BARDSTOWN @ ROANOKE
2044519662455,ESTATE,GAGEL,-85.8052590011876,38.1727166590949,ESTATE @ GAGEL
488719907293,EVERGREEN,WOODLAND,-85.5364186484776,38.2594350958964,EVERGREEN @ WOODLAND
1601604174471,BAXTER,MORTON,-85.7253795580811,38.2416700831209,BAXTER @ MORTON
1947305772265,BLUE LICK,FOREMAN,-85.6894507944637,38.1293035385233,BLUE LICK @ FOREMAN
1672012571301,CONGRESS,COURT,-85.7602128938264,38.2548649003905,CONGRESS @ COURT
1988741644414,MANSLICK,MITCHELL HILL,-85.7593652280428,38.1055498369004,MANSLICK @ MITCHELL HILL
1551941384326,MAIN,MELLWOOD,-85.7239710401501,38.254128398109,MAIN @ MELLWOOD
1698229346570,HILL,28TH,-85.8012012237063,38.2305637930331,HILL @ 28TH
1608503841863,BARDSTOWN,EDGELAND,-85.7116004678236,38.233254499101,BARDSTOWN @ EDGELAND
28216E9856851,LOUIS COLEMAN JR,VERMONT,-85.8073501865495,38.2555617278827,LOUIS COLEMAN JR @ VERMONT
1653807246183,BROWNSBORO,STORY,-85.7195613739217,38.2604618898687,BROWNSBORO @ STORY
1376900580384,ALFRESCO,BARDSTOWN,-85.6976199257629,38.2262570855858,ALFRESCO @ BARDSTOWN
1607703841099,BARDSTOWN,CHEROKEE,-85.7144790102288,38.2348418338262,BARDSTOWN @ CHEROKEE
438629018196,HERR,WESTLYNNE,-85.6123065900984,38.2688142881853,HERR @ WESTLYNNE
2255733154200,JANNA,MARILEE,-85.8853669037762,38.1013380408384,JANNA @ MARILEE
245728199D932,RIVER,WATERGLEN,-85.6679139438455,38.2982372995329,RIVER @ WATERGLEN
1556604175583,BAXTER,ROGERS,-85.7285353793857,38.2457024607725,BAXTER @ ROGERS
1553912713838,COOPER,LEXINGTON,-85.7292284153429,38.2493835067114,COOPER @ LEXINGTON
1557504170657,BAXTER,BRECKINRIDGE,-85.7264535368426,38.2430250348384,BAXTER @ BRECKINRIDGE
1368403841551,BARDSTOWN,DEER PARK,-85.7015658522744,38.2287833175023,BARDSTOWN @ DEER PARK
898201884236,BILLTOWN,MARY DELL,-85.5702878686248,38.167621917563,BILLTOWN @ MARY DELL
83719126551,ELLINGSWORTH,TUCKER STATION,-85.5297115774621,38.229213429657,ELLINGSWORTH @ TUCKER STATION
1605003844985,BARDSTOWN,PATTERSON,-85.719270956101,38.2374750715636,BARDSTOWN @ PATTERSON
1605903840464,BARDSTOWN,BEECHWOOD,-85.7178496991632,38.2366962137867,BARDSTOWN @ BEECHWOOD
2305815507298,DEERING HEIGHTS,WOODRIDGE,-85.8647141001222,38.0876512847921,DEERING HEIGHTS @ WOODRIDGE
257421125940,FAIRFAX,SHELBYVILLE,-85.6514048710067,38.2525714020191,FAIRFAX @ SHELBYVILLE
1602803840417,BARDSTOWN,BAXTER,-85.7237597922785,38.2399430307035,BARDSTOWN @ BAXTER
1608003844370,BARDSTOWN,MIDLAND,-85.7130809690377,38.2340703554777,BARDSTOWN @ MIDLAND
1267201087012,AMY,MUHAMMAD ALI,-85.8136294597597,38.2573767963455,AMY @ MUHAMMAD ALI
29323F3222305,GOLDEN RULE,4TH,-85.7589383442556,38.2429982472317,GOLDEN RULE @ 4TH
1346548036566,ORMSBY,12TH,-85.7738612668632,38.2348550261148,ORMSBY @ 12TH
242551660D811,DORSEY,WATERLOO,-85.5584171880988,38.2531957596948,DORSEY @ WATERLOO
1394305041612,BERNHEIM,DIXIE,-85.7932536138457,38.2214249065694,BERNHEIM @ DIXIE
1517603845965,BARDSTOWN,SHERWOOD,-85.7086174058529,38.231740753245,BARDSTOWN @ SHERWOOD
1806828949995,DIXIE HWY,I 264 WEST RAMP,-85.811512023918,38.1872921439157,DIXIE HWY @ I 264 WEST RAMP
81666394D188,TAYLORSVILLE RD,PLEASANT GLEN DR,-85.519245219639,38.1874677843891,TAYLORSVILLE RD @ PLEASANT GLEN DR
28937F247D258,BARDSTOWN RD,BROAD RUN PKY,-85.5558410364876,38.086650294306,BARDSTOWN RD @ BROAD RUN PKY
1008903846465,BARDSTOWN RD,THIXTON LN,-85.5656197455865,38.1007037228464,BARDSTOWN RD @ THIXTON LN
1676242145872,MARKET ST,S 2ND ST,-85.7535417086318,38.2548775666529,MARKET ST @ S 2ND ST
76547569996,OLD HENRY RD,I 265 SB RAMP,-85.502956803901,38.2692603640584,OLD HENRY RD @ I 265 SB RAMP
1083147556394,TAYLORSVILLE RD,OLD HEADY RD,-85.5357485183874,38.186034877007,TAYLORSVILLE RD @ OLD HEADY RD
433648057132,WESTPORT RD,ORMSBY LN,-85.6086640437575,38.2742948818017,WESTPORT @ ORMSBY
822801889996,BILLTOWN RD,I 265 RAMP,-85.5466714248327,38.1477681748832,BILLTOWN RD @ I 265 RAMP
2834756E294,OLD HENRY RD,TERRA CROSSING BLVD,-85.4957218454836,38.2719824490832,OLD HENRY @ TERRA CROSSING BLVD
698671329996,WESTPORT RD,I 265 RAMP,-85.5510472221127,38.2968546020153,WESTPORT RD @ I 265 RAMP
978905189996,BEULAH CHURCH RD,I 265 RAMP,-85.6145171731931,38.1258081945148,BEULAH CHURCH RD @ I 265 RAMP
1217075539999,ZORN AVE,I 71 RAMP,-85.6979417389295,38.2757337568864,
